picture,price,link,watts,score,name,keyword,brand
images10.newegg.com/ProductImage/34-332-305-07.jpg,,https://www.newegg.com/Product/Product.aspx?Item=N82E16834332305&cm_re=Lenovo_Laptop-_-34-332-305-_-Product,18.75,65,Lenovo Laptop IdeaPad 510 (80SV0058US) Intel Core i7 7th Gen 7500U (2.70 GHz) 12 GB Memory 256 GB SSD NVIDIA GeForce 940MX 15.6 IPS Windows 10 Home,Lenovo Laptop,Lenovo Laptop
images10.newegg.com/ProductImage/34-332-318-11.jpg,,https://www.newegg.com/Product/Product.aspx?Item=N82E16834332318&cm_re=Lenovo_Laptop-_-34-332-318-_-Product,43.75,45,Lenovo Laptop IdeaPad 310 15 (80TV00W1US) Intel Core i7 7th Gen 7500U (2.70 GHz) 12 GB Memory 1 TB HDD Intel HD Graphics 620 15.6 Windows 10 Home,Lenovo Laptop,Lenovo Laptop
images10.newegg.com/NeweggImage/ProductImage/34-331-538-01.jpg,,https://www.newegg.com/Product/Product.aspx?Item=N82E16834331538&cm_re=Lenovo_Laptop-_-34-331-538-_-Product,,,Lenovo Laptop IdeaPad 510 80SR004QUS Intel Core i7 6th Gen 6500U (2.50 GHz) 12 GB DDR4 Memory 1 TB HDD NVIDIA GeForce 940MX 15.6 Windows 10 Home 64-Bit,Lenovo Laptop,Lenovo Laptop
images10.newegg.com/NeweggImage/ProductImage/34-332-113-Z01.jpg,,https://www.newegg.com/Product/Product.aspx?Item=9SIA6V659A2570&cm_re=Lenovo_Laptop-_-34-332-113-_-Product,Lenovo IdeaPad V310-14ISK laptop 80SX002KUS Intel Core i3 6th Gen 6100U (2.30 GHz) 6 GB Memory 1 TB HDD 14 Windows 10 Pro,Lenovo Laptop,Lenovo Laptop
images10.newegg.com/ProductImage/34-332-445-V18.jpg,,https://www.newegg.com/Product/Product.aspx?Item=9SIA1N85AM3857&cm_re=Lenovo_Laptop-_-34-332-445-_-Product,,,Lenovo Laptop IdeaPad 310 (80ST001NUS) AMD A12-Series A12-9700P (2.50 GHz) 12 GB Memory 1 TB HDD AMD Radeon R5 Series 15.6 Windows 10 Home,Lenovo Laptop,Lenovo Laptop
images10.newegg.com/ProductImage/34-321-418-08.jpg,,https://www.newegg.com/Product/Product.aspx?Item=N82E16834321418&cm_re=Lenovo_Laptop-_-34-321-418-_-Product,18.75,65,Lenovo Laptop ThinkPad E560 (20EV002JUS) Intel Core i7 6th Gen 6500U (2.5 GHz) 8 GB Memory 500 GB HDD AMD Radeon R7 M370 15.6 Windows 7 Professional 64-Bit (Downgrade from Windows 10 Pro),Lenovo Laptop,Lenovo Laptop
images10.newegg.com/ProductImage/34-332-304-33.jpg,,https://www.newegg.com/Product/Product.aspx?Item=N82E16834332304&cm_re=Lenovo_Laptop-_-34-332-304-_-Product,43.75,45,Lenovo Laptop IdeaPad 310 15 (80TV00BGUS) Intel Core i5 7th Gen 7200U (2.50 GHz) 8 GB Memory 1 TB HDD Intel HD Graphics 620 15.6 Windows 10 Home,Lenovo Laptop,Lenovo Laptop
images10.newegg.com/NeweggImage/ProductImage/34-331-551-01.jpg,,https://www.newegg.com/Product/Product.aspx?Item=N82E16834331551&cm_re=Lenovo_Laptop-_-34-331-551-_-Product,,,Lenovo Laptop Ideapad 110 80UM000CUS AMD A6-Series A6-7310 (2.00 GHz) 4 GB Memory 1 TB HDD AMD Radeon R4 Series 17.3 Windows 10 Home,Lenovo Laptop,Lenovo Laptop
images10.newegg.com/ProductImage/A9RG_131055463552344494jrg1hndail.jpg,,https://www.newegg.com/Product/Product.aspx?Item=9SIA9RG41A5278&cm_re=Lenovo_Laptop-_-9SIA9RG41A5278-_-Product,,,Lenovo ThinkPad E560 20EV002JUS-16G 15.6 Laptop - Intel Core i7 6500U Dual-core (2 Core) 2.50 GHz 16 GB Memory 500 GB HDD Windows 7 Pro 64-bit - Graphite Black,Lenovo Laptop,Lenovo Laptop
images10.newegg.com/ProductImage/34-319-454-08.jpg,,https://www.newegg.com/Product/Product.aspx?Item=N82E16834319454&cm_re=Lenovo_Laptop-_-34-319-454-_-Product,Lenovo C Grade Laptop T410 Intel Core i5 1st Gen 520M (2.40 GHz) 4 GB Memory 250 GB HDD 14.1 Windows 10 Home 64-Bit,Lenovo Laptop,Lenovo Laptop
images10.newegg.com/ProductImage/34-331-859-04.jpg,,https://www.newegg.com/Product/Product.aspx?Item=N82E16834331859&cm_re=Lenovo_Laptop-_-34-331-859-_-Product,Lenovo Laptop - C Grade X Series X220 Intel Core i5 2nd Gen 2410M (2.30 GHz) 4 GB Memory 250 GB HDD 12.5 Windows 10 Home 64-Bit,Lenovo Laptop,Lenovo Laptop
images10.newegg.com/ProductImage/34-331-907-04.jpg,,https://www.newegg.com/Product/Product.aspx?Item=N82E16834331907&cm_re=Lenovo_Laptop-_-34-331-907-_-Product,85.0,12,Lenovo IdeaPad Y700 80NV00Q9US Gaming Laptop Intel Core i7 6700HQ 16 GB Memory 1 TB HDD 256 GB PCIE SSD GeForce GTX 960M 4 GB 15.6 FHD Windows 10 Home 64-Bit - ONLY @ NEWEGG,Lenovo Laptop,Lenovo Laptop
images10.newegg.com/ProductImage/34-315-445-S01.jpg,,https://www.newegg.com/Product/Product.aspx?Item=N82E16834315445&cm_re=Lenovo_Laptop-_-34-315-445-_-Product,,,Acer Laptop Aspire E5-553G AMD A12-Series A12-9700P (2.50 GHz) 8 GB Memory 1 TB HDD 128 GB SSD AMD Radeon R8 M445DX 15.6 Windows 10 Home,Lenovo Laptop,Lenovo Laptop
images10.newegg.com/ProductImage/34-332-313-06.jpg,,https://www.newegg.com/Product/Product.aspx?Item=N82E16834332313&cm_re=Lenovo_Laptop-_-34-332-313-_-Product,18.75,65,Lenovo Laptop IdeaPad 510s (80UV001BUS) Intel Core i7 7th Gen 7500U (2.70 GHz) 8 GB Memory 256 GB SSD AMD Radeon R7 M460 14.0 Windows 10 Home,Lenovo Laptop,Lenovo Laptop
images10.newegg.com/ProductImage/34-318-143-07.jpg,,https://www.newegg.com/Product/Product.aspx?Item=N82E16834318143&cm_re=Lenovo_Laptop-_-34-318-143-_-Product,Lenovo Laptop T420 Intel Core i5 2.50 GHz 4 GB Memory 500 GB HDD 14.0 Windows 7 Professional 64-Bit,Lenovo Laptop,Lenovo Laptop
images10.newegg.com/ProductImage/34-332-314-17.jpg,,https://www.newegg.com/Product/Product.aspx?Item=N82E16834332314&cm_re=Lenovo_Laptop-_-34-332-314-_-Product,18.75,65,Lenovo Laptop IdeaPad 510s (80UV001AUS) Intel Core i5 7th Gen 7200U (2.50 GHz) 8 GB Memory 1 TB HDD Intel HD Graphics 620 14.0 Windows 10 Home,Lenovo Laptop,Lenovo Laptop
images10.newegg.com/ProductImage/34-332-323-16.jpg,,https://www.newegg.com/Product/Product.aspx?Item=N82E16834332323&cm_re=Lenovo_Laptop-_-34-332-323-_-Product,43.75,45,Lenovo Laptop IdeaPad 710s (80VQ001VUS) Intel Core i5 7th Gen 7200U (2.50 GHz) 8 GB Memory 256 GB SSD Intel HD Graphics 620 13.3 Windows 10 Home,Lenovo Laptop,Lenovo Laptop
images10.newegg.com/NeweggImage/ProductImage/A0ZX_1_201608201592106103.jpg,,https://www.newegg.com/Product/Product.aspx?Item=N82E16834331564&cm_re=Lenovo_Laptop-_-34-331-564-_-Product,,,Lenovo Laptop ideapad 310 80ST000KUS AMD A12-Series A12-9700P (2.50 GHz) 12 GB Memory 1 TB HDD 15.6 Windows 10 Home,Lenovo Laptop,Lenovo Laptop
images10.newegg.com/NeweggImage/ProductImage/34-332-452-V04.jpg,,https://www.newegg.com/Product/Product.aspx?Item=N82E16834332452&cm_re=Lenovo_Laptop-_-34-332-452-_-Product,Lenovo Grade B Laptop T440S Intel Core i7 4th Gen 4600U (2.10 GHz) 8 GB Memory 128 GB SSD Intel HD Graphics 4400 14.0 Windows 10 Pro 64-Bit,Lenovo Laptop,Lenovo Laptop
images10.newegg.com/NeweggImage/ProductImage/34-332-456-Z01.jpg,,https://www.newegg.com/Product/Product.aspx?Item=N82E16834332456&cm_re=Lenovo_Laptop-_-34-332-456-_-Product,Lenovo Laptop IdeaPad 110s (80K2001FUS) Intel Atom Z3735F (1.33 GHz) 2 GB Memory 32 GB eMMC Intel HD Graphics 11.6 Windows 10 Home (Grade A Like New),Lenovo Laptop,Lenovo Laptop
images10.newegg.com/NeweggImage/ProductImage/34-332-444-Z01.jpg,,https://www.newegg.com/Product/Product.aspx?Item=N82E16834332444&cm_re=Lenovo_Laptop-_-34-332-444-_-Product,Lenovo Laptop T420 Intel Core i5 2nd Gen 2520M (2.50 GHz) 4 GB Memory 320 GB HDD 14.0 Windows 10 Pro 64-Bit,Lenovo Laptop,Lenovo Laptop
images10.newegg.com/ProductImage/34-332-312-16.jpg,,https://www.newegg.com/Product/Product.aspx?Item=N82E16834332312&cm_re=Lenovo_Laptop-_-34-332-312-_-Product,43.75,45,Lenovo Laptop IdeaPad 710s (80VQ001WUS) Intel Core i7 7th Gen 7500U (2.70 GHz) 8 GB Memory 512 GB SSD Intel HD Graphics 620 13.3 Windows 10 Home,Lenovo Laptop,Lenovo Laptop
images10.newegg.com/ProductImage/34-332-322-01.jpg,,https://www.newegg.com/Product/Product.aspx?Item=N82E16834332322&cm_re=Lenovo_Laptop-_-34-332-322-_-Product,43.75,45,Lenovo Laptop IdeaPad 110 17 (80VK000EUS) Intel Core i3 7th Gen 7100U (2.40 GHz) 4 GB Memory 500 GB HDD Intel HD Graphics 620 17.3 Windows 10 Home,Lenovo Laptop,Lenovo Laptop
images10.newegg.com/ProductImage/34-332-303-24.jpg,,https://www.newegg.com/Product/Product.aspx?Item=N82E16834332303&cm_re=Lenovo_Laptop-_-34-332-303-_-Product,43.75,45,Lenovo Laptop IdeaPad 310 15 (80TW0001US) Intel Core i5 7th Gen 7200U (2.50 GHz) 8 GB Memory 1 TB HDD Intel HD Graphics 620 15.6 Touchscreen Windows 10 Home,Lenovo Laptop,Lenovo Laptop
images10.newegg.com/ProductImage/1TS-000E-05NM8-S01.jpg,,https://www.newegg.com/Product/Product.aspx?Item=9SIA24G5502790&cm_re=Lenovo_Laptop-_-1TS-000E-05NM8-_-Product,43.75,45,Lenovo Laptop ThinkPad T460 (20FN005AUS) Intel Core i5 6th Gen 6200U (2.30 GHz) 8 GB Memory 500 GB HDD Intel HD Graphics 520 14.0 Windows 10 Pro 64-Bit,Lenovo Laptop,Lenovo Laptop
images10.newegg.com/ProductImage/34-331-321-05.jpg,,https://www.newegg.com/Product/Product.aspx?Item=N82E16834331321&cm_re=Lenovo_Laptop-_-34-331-321-_-Product,Lenovo Laptop W530 Intel Core i7 3rd Gen 3720QM (2.60 GHz) 16 GB Memory 256 GB SSD Intel HD Graphics 4000 15.6 Windows 7 Professional 64-Bit,Lenovo Laptop,Lenovo Laptop
images10.newegg.com/NeweggImage/ProductImage/34-331-550-01.jpg,,https://www.newegg.com/Product/Product.aspx?Item=N82E16834331550&cm_re=Lenovo_Laptop-_-34-331-550-_-Product,,,Lenovo Laptop ideapad 110 80UM000DUS AMD A8-Series A8-7410 (2.20 GHz) 8 GB Memory 1 TB HDD 17.3 Windows 10,Lenovo Laptop,Lenovo Laptop
images10.newegg.com/ProductImage/34-321-405-05.jpg,,https://www.newegg.com/Product/Product.aspx?Item=9SIA24G3SW1687&cm_re=Lenovo_Laptop-_-34-321-405-_-Product,43.75,45,Lenovo Laptop ThinkPad E460 (20ET0014US) Intel Core i5 6th Gen 6200U (2.30 GHz) 4 GB Memory 500 GB HDD Intel HD Graphics 520 14.0 Windows 7 Professional 64-Bit (downgrade from Windows 10 Pro),Lenovo Laptop,Lenovo Laptop
images10.newegg.com/ProductImage/34-319-755-04.jpg,,https://www.newegg.com/Product/Product.aspx?Item=N82E16834319755&cm_re=Lenovo_Laptop-_-34-319-755-_-Product,Lenovo Laptop T420 Intel Core i5 2520M (2.50 GHz) 8 GB Memory 128 GB SSD 14.0 Windows 7 Professional 64-Bit,Lenovo Laptop,Lenovo Laptop
images10.newegg.com/NeweggImage/ProductImage/34-332-448-V04.jpg,,https://www.newegg.com/Product/Product.aspx?Item=9SIABYS59Z8519&cm_re=Lenovo_Laptop-_-34-332-448-_-Product,Lenovo Laptop T440 Intel Core i5 4th Gen 4300U (1.90 GHz) 8 GB Memory 240 GB SSD Intel HD Graphics 4400 14.0 Windows 10 Pro 64-Bit,Lenovo Laptop,Lenovo Laptop
images10.newegg.com/ProductImage/34-295-406-01.jpg,,https://www.newegg.com/Product/Product.aspx?Item=N82E16834295406&cm_re=Lenovo_Laptop-_-34-295-406-_-Product,43.75,45,DELL Laptop XPS XPS9350-2008SLV Intel Core i5 6th Gen 6200U (2.30 GHz) 8 GB Memory 128 GB SSD Intel HD Graphics 520 13.3 Touchscreen Windows 10 Home 64-Bit,Lenovo Laptop,Lenovo Laptop
images10.newegg.com/ProductImage/34-332-038-04.jpg,,https://www.newegg.com/Product/Product.aspx?Item=N82E16834332038&cm_re=Lenovo_Laptop-_-34-332-038-_-Product,Lenovo B Grade Laptop Yoga Intel Core i5 4th Gen 4200U (1.60 GHz) 8 GB Memory 240 GB SSD 12.5 Touchscreen Windows 10 Pro 64-Bit,Lenovo Laptop,Lenovo Laptop
images10.newegg.com/ProductImage/34-331-319-05.jpg,,https://www.newegg.com/Product/Product.aspx?Item=N82E16834331319&cm_re=Lenovo_Laptop-_-34-331-319-_-Product,Lenovo Laptop Latitude W530 Intel Core i7 3rd Gen 3720QM (2.60 GHz) 16 GB Memory 750 GB HDD 15.6 Windows 10 Pro 64-Bit,Lenovo Laptop,Lenovo Laptop
,,https://www.newegg.com/Product/Product.aspx?Item=9SIA7RB3Z71911&cm_re=Lenovo_Laptop-_-9SIA7RB3Z71911-_-Product,,Lenovo Laptop,Lenovo Laptop
images10.newegg.com/NeweggImage/ProductImage/34-332-511-Z01.jpg,,https://www.newegg.com/Product/Product.aspx?Item=N82E16834332511&cm_re=Lenovo_Laptop-_-34-332-511-_-Product,,,Lenovo IdeaPad 110 80TR001DUS AMD A9-Series A9-9400 (2.40 GHz) 8 GB Memory 1 TB HDD AMD Radeon R5 Series 15.6 Windows 10 Home Like New Open box,Lenovo Laptop,Lenovo Laptop
images10.newegg.com/ProductImage/1TS-000E-04MH5-08.jpg,,https://www.newegg.com/Product/Product.aspx?Item=9SIA6BM53X7479&cm_re=Lenovo_Laptop-_-1TS-000E-04MH5-_-Product,43.75,45,Lenovo Laptop ThinkPad E560 (20EV002FUS) Intel Core i5 6th Gen 6200U (2.30 GHz) 4 GB Memory 500 GB HDD Intel HD Graphics 520 15.6 Windows 7 Professional 64-Bit (downgrade from Windows 10 Pro),Lenovo Laptop,Lenovo Laptop
images10.newegg.com/ProductImage/34-234-445-S01.jpg,,https://www.newegg.com/Product/Product.aspx?Item=N82E16834234445&cm_re=Asus_Laptop-_-34-234-445-_-Product,18.75,65,ASUS Laptop X556UQ-NH71 Intel Core i7 7th Gen 7500U (2.70 GHz) 8 GB Memory 512 GB SSD NVIDIA GeForce 940MX 15.6 Windows 10 Home 64-Bit,Asus Laptop,Asus Laptop
images10.newegg.com/ProductImage/34-234-444-V01.jpg,,https://www.newegg.com/Product/Product.aspx?Item=N82E16834234444&cm_re=Asus_Laptop-_-34-234-444-_-Product,18.75,65,ASUS Laptop X556UQ-NH51 Intel Core i5 7th Gen 7200U (2.50 GHz) 8 GB Memory 512 GB SSD NVIDIA GeForce 940MX 15.6 Windows 10 Home 64-Bit,Asus Laptop,Asus Laptop
images10.newegg.com/NeweggImage/ProductImage/34-234-481-V01.jpg,,https://www.newegg.com/Product/Product.aspx?Item=N82E16834234481&cm_re=Asus_Laptop-_-34-234-481-_-Product,43.75,45,ASUS Laptop F556UA-UH71 Intel Core i7 7th Gen 7500U (2.70 GHz) 8 GB Memory 1 TB HDD Intel HD Graphics 620 15.6 Windows 10 Home 64-Bit,Asus Laptop,Asus Laptop
images10.newegg.com/ProductImage/34-234-023-10.jpg,,https://www.newegg.com/Product/Product.aspx?Item=N82E16834234023&cm_re=Asus_Laptop-_-34-234-023-_-Product,,,ASUS 15.6 K501UW-NB72 Intel Core i7 6500U (2.50 GHz) NVIDIA GeForce GTX 960M 8 GB DDR4 Memory 128 GB SSD 750 GB HDD Windows 10 Home 64-Bit Laptop - ONLY @ NEWEGG,Asus Laptop,Asus Laptop
images10.newegg.com/NeweggImage/ProductImage/34-234-476-V01.jpg,,https://www.newegg.com/Product/Product.aspx?Item=N82E16834234476&cm_re=Asus_Laptop-_-34-234-476-_-Product,-12.5,90,ASUS 15.6 FHD F550VQ-NH52 Quad Core Intel Core i5 6300HQ NVIDIA GeForce 940MX 8 GB DDR4 Memory 128 GB SSD 1 TB HDD Windows 10 Home 64-Bit Laptop -- ONLY @ NEWEGG,Asus Laptop,Asus Laptop
images10.newegg.com/ProductImage/34-890-015-02.jpg,,https://www.newegg.com/Product/Product.aspx?Item=N82E16834890015&cm_re=Asus_Laptop-_-34-890-015-_-Product,88.75,9,ASUS 15.6 FHD FZ50VW-NS51 Quad Core Intel Core i5 6300HQ  NVIDIA GeForce GTX 960M 8 GB DDR4 Memory 128 GB SSD 1 TB HDD Windows 10 Home 64-Bit Gaming Laptop - ONLY @ NEWEGG,Asus Laptop,Asus Laptop
images10.newegg.com/ProductImage/34-234-451-V13.jpg,,https://www.newegg.com/Product/Product.aspx?Item=N82E16834234451&cm_re=Asus_Laptop-_-34-234-451-_-Product,43.75,45,ASUS Zenbook UX305UA-NH52 Intel Core i5 6200U (2.30 GHz) 8 GB Memory 256 GB SSD Intel HD Graphics 520 13.3 Windows 10 Home 64-Bit,Asus Laptop,Asus Laptop
images10.newegg.com/NeweggImage/ProductImage/A6V6_131256917581093490e4BAp2bp2r.jpg,,https://www.newegg.com/Product/Product.aspx?Item=1TS-001A-00499&cm_re=Asus_Laptop-_-1TS-001A-00499-_-Product,43.75,45,ASUS Laptop F556UA-UB71 Intel Core i7 6th Gen 6500U (2.50 GHz) 8 GB Memory 1 TB HDD Intel HD Graphics 520 15.6 1920 x 1080 Windows 10 Home 64-Bit,Asus Laptop,Asus Laptop
images10.newegg.com/ProductImage/A6R4_131033260762941388obzIpakR1f.jpg,,https://www.newegg.com/Product/Product.aspx?Item=9SIA6R43Z97586&cm_re=Asus_Laptop-_-9SIA6R43Z97586-_-Product,2016 Newest Asus 15.6-Inch Premium Laptop Intel Dual Core N3050 Processor up to 2.16GHz 4GB RAM 500GB DD HD LED Backlit Display DVD/CD Burner HDMI VGA Wifi Webcam Windows 10-Chocolate Black,Asus Laptop,Asus Laptop
images10.newegg.com/ProductImage/34-234-404-06.jpg,,https://www.newegg.com/Product/Product.aspx?Item=9SIAC885290822&cm_re=Asus_Laptop-_-34-234-404-_-Product,,,ASUS Laptop F556UA-EH71 Intel Core i7 6th Gen 6500U (2.50 GHz) 8 GB Memory 1 TB HDD Intel HD Graphics 520 15.6 Windows 10 Home 64-Bit,Asus Laptop,Asus Laptop
images10.newegg.com/ProductImage/34-234-301-08.jpg,,https://www.newegg.com/Product/Product.aspx?Item=N82E16834234301&cm_re=Asus_Laptop-_-34-234-301-_-Product,,,ASUS Laptop Zenbook UX390UA-XH74-BL Intel Core i7 7th Gen 7500U (2.70 GHz) 16 GB LPDDR3 Memory 512 GB SSD Intel HD Graphics 620 12.5 Windows 10 Pro 64-Bit,Asus Laptop,Asus Laptop
images10.newegg.com/ProductImage/34-234-174-01.jpg,,https://www.newegg.com/Product/Product.aspx?Item=N82E16834234174&cm_re=Asus_Laptop-_-34-234-174-_-Product,,,ASUS Laptop F555UA-EB51 Intel Core i5 6th Gen 6198DU (2.30 GHz) 8 GB Memory 1 TB HDD Intel HD Graphics 15.6 Windows 10 Home 64-Bit,Asus Laptop,Asus Laptop
images10.newegg.com/NeweggImage/ProductImage/34-234-452-V14.jpg,,https://www.newegg.com/Product/Product.aspx?Item=N82E16834234452&cm_re=Asus_Laptop-_-34-234-452-_-Product,,,ASUS ROG GL753VD-DS71 17.3 Intel Core i7 7th Gen 7700HQ (2.80 GHz) NVIDIA GeForce GTX 1050 16 GB Memory 1 TB HDD Windows 10 Home 64-Bit Gaming Laptop,Asus Laptop,Asus Laptop
images10.newegg.com/NeweggImage/ProductImage/A49U_131172207168224366X3UCxKou5A.jpg,,https://www.newegg.com/Product/Product.aspx?Item=1XV-000C-00055&cm_re=Asus_Laptop-_-1XV-000C-00055-_-Product,18.75,65,ASUS Ultrabook X555DA-WB11 AMD A10-Series A10-8700P (1.80 GHz) 4 GB Memory 500 GB HDD AMD Radeon R6 Series 15.6 Windows 10 Home 64-Bit,Asus Laptop,Asus Laptop
images10.newegg.com/ProductImage/34-234-295-16.jpg,,https://www.newegg.com/Product/Product.aspx?Item=N82E16834234295&cm_re=Asus_Laptop-_-34-234-295-_-Product,,,ASUS 17.3 GL702VM-DB71 Intel Core i7 6th Gen 6700HQ (2.60 GHz) NVIDIA GeForce GTX 1060 16 GB Memory 1 TB HDD Windows 10 Home 64-Bit Gaming Laptop (VR Ready),Asus Laptop,Asus Laptop
images10.newegg.com/NeweggImage/ProductImage/34-234-384-S02.jpg,,https://www.newegg.com/Product/Product.aspx?Item=N82E16834234384&cm_re=Asus_Laptop-_-34-234-384-_-Product,,,ASUS Laptop X Series AMD A8-Series A8-7410 (2.20 GHz) 8 GB Memory 1 TB HDD AMD Radeon R5 Series 15.6 Windows 10 Home 64-Bit,Asus Laptop,Asus Laptop
images10.newegg.com/ProductImage/34-234-403-01.jpg,,https://www.newegg.com/Product/Product.aspx?Item=N82E16834234403&cm_re=Asus_Laptop-_-34-234-403-_-Product,58.75,33,ASUS VivoBook R416SA-EH21 Intel Pentium N3700 (1.6 GHz) 4 GB Memory 128 GB eMMC Intel HD Graphics 14.0 Windows 10 Home 64-Bit,Asus Laptop,Asus Laptop
images10.newegg.com/ProductImage/34-234-408-09.jpg,,https://www.newegg.com/Product/Product.aspx?Item=N82E16834234408&cm_re=Asus_Laptop-_-34-234-408-_-Product,43.75,45,ASUS Laptop UX390UA-DH51-GR Intel Core i5 7th Gen 7200U (2.50 GHz) 8 GB Memory 256 GB SSD Intel HD Graphics 620 12.5 Windows 10 Home 64-Bit,Asus Laptop,Asus Laptop
images10.newegg.com/NeweggImage/ProductImage/34-234-454-V14.jpg,,https://www.newegg.com/Product/Product.aspx?Item=N82E16834234454&cm_re=Asus_Laptop-_-34-234-454-_-Product,,,ASUS ROG GL753VE-DS74 17.3 Intel Core i7 7th Gen 7700HQ (2.80 GHz) NVIDIA GeForce GTX 1050 Ti 16 GB Memory 256 GB SSD 1 TB HDD Windows 10 Home 64-Bit Gaming Laptop,Asus Laptop,Asus Laptop
images10.newegg.com/ProductImage/34-234-275-V01.jpg,,https://www.newegg.com/Product/Product.aspx?Item=N82E16834234275&cm_re=Asus_Laptop-_-34-234-275-_-Product,,,ASUS Laptop X Series X550ZE-WBFX AMD FX-Series FX-7500 (2.10 GHz) 8 GB Memory 1 TB HDD AMD Radeon R5 M230 15.6 Windows 10 Home 64-Bit,Asus Laptop,Asus Laptop
images10.newegg.com/NeweggImage/ProductImage/34-234-453-Z01.jpg,,https://www.newegg.com/Product/Product.aspx?Item=N82E16834234453&cm_re=Asus_Laptop-_-34-234-453-_-Product,,,ASUS ROG GL553VE-DS74 15.6 Intel Core i7 7th Gen 7700HQ (2.80 GHz) NVIDIA GeForce GTX 1050 Ti 16 GB Memory 256 GB SSD 1 TB HDD Windows 10 Home 64-Bit Gaming Laptop,Asus Laptop,Asus Laptop
images10.newegg.com/NeweggImage/ProductImage/34-232-525-01.jpg,,https://www.newegg.com/Product/Product.aspx?Item=N82E16834232525&cm_re=Asus_Laptop-_-34-232-525-_-Product,,,ASUS ROG G751 Series G751JY-DH71 Gaming Laptop Intel Core i7 4710HQ (2.50GHz) 24GB Memory 1TB HDD 256GB SSD NVIDIA GeForce GTX 980M 4GB 17.3 BD Combo Windows 8.1 64-Bit,Asus Laptop,Asus Laptop
images10.newegg.com/ProductImage/A6R4_130909163178796268vPY6rwlTOy.jpg,,https://www.newegg.com/Product/Product.aspx?Item=9SIA6R43JW9020&cm_re=Asus_Laptop-_-9SIA6R43JW9020-_-Product,2016 newest ASUS K501UX High Performance Gaming Laptop / 15.6 FHD 1080P Display / Latest Skylake Intel Core i7-6500U / 8GB / 256GB SSD / 2GB GTX950M / No DVD / Backlit Keyboard / Windows 10,Asus Laptop,Asus Laptop
images10.newegg.com/ProductImage/34-232-777-13.jpg,,https://www.newegg.com/Product/Product.aspx?Item=N82E16834232777&cm_re=Asus_Laptop-_-34-232-777-_-Product,91.25,7,ASUS Zenbook UX303UB-DH74T Ultrabook Intel Core i7 6500U (2.50 GHz) 12 GB Memory 512 GB SSD NVIDIA GeForce 940M 2 GB 13.3 IPS Quad HD+ 3200 x 1800 Touchscreen 1.2 MP HD Camera Windows 10 Home 64-Bit,Asus Laptop,Asus Laptop
images10.newegg.com/NeweggImage/ProductImage/A10V_1_20170123710943737.jpg,,https://www.newegg.com/Product/Product.aspx?Item=9SIA10V5952979&cm_re=Asus_Laptop-_-9SIA10V5952979-_-Product,ASUS 15.6 4K Gaming Laptop Intel i7 Dual Core 2.5GHz 16GB 256GB SSD K501UX-WH74,Asus Laptop,Asus Laptop
images10.newegg.com/NeweggImage/ProductImage/AA0S_131308903211916813No0h6IBxoH.jpg,,https://www.newegg.com/Product/Product.aspx?Item=9SIAA0S59A9256&cm_re=Asus_Laptop-_-9SIAA0S59A9256-_-Product,,,ASUS K556 15.6 FHD Notebook Computer Intel Core i7-7500U Upto 3.5GHz 16GB DDR4 256GB SSD DVD-RW Wifi Bluetooth VGA HDMI Windows 10 Professional 64Bit,Asus Laptop,Asus Laptop
images10.newegg.com/ProductImage/AA0S_131110842211548618QlPMlKKAHX.jpg,,https://www.newegg.com/Product/Product.aspx?Item=9SIAA0S4G21439&cm_re=Asus_Laptop-_-9SIAA0S4G21439-_-Product,,,Asus 15.6-Inch HD Premium Laptop Intel Dual-Core i7 Upto 3.0GHz 12GB DDR3 512GB SSD Wifi Bluetooth Webcam DVD-RW Windows 10 Professional 64Bit,Asus Laptop,Asus Laptop
images10.newegg.com/ProductImage/34-234-297-30.jpg,,https://www.newegg.com/Product/Product.aspx?Item=N82E16834234297&cm_re=Asus_Laptop-_-34-234-297-_-Product,85.0,12,ASUS ROG STRIX  GL502VS-DB71 Gaming Laptop Intel Core i7 6700HQ (2.60 GHz) 16 GB Memory 1 TB HDD 256 GB PCIE SSD NVIDIA GeForce GTX 1070 8 GB GDDR5 15.6 FHD 1920 x 1080 Windows 10 Home 64-Bit,Asus Laptop,Asus Laptop
images10.newegg.com/ProductImage/34-232-776-13.jpg,,https://www.newegg.com/Product/Product.aspx?Item=N82E16834232776&cm_re=Asus_Laptop-_-34-232-776-_-Product,91.25,7,ASUS Zenbook UX303UA-DH51T Ultrabook Intel Core i5 6200U (2.30 GHz) 8 GB Memory 256 GB SSD Intel HD Graphics 520 13.3 IPS Full HD 1920 x 1080 Touchscreen 1.2 MP HD Camera Windows 10 Home 64-Bit,Asus Laptop,Asus Laptop
images10.newegg.com/ProductImage/A6R4_131056103980248934cACKkCnKFp.jpg,,https://www.newegg.com/Product/Product.aspx?Item=9SIA6R441G8885&cm_re=Asus_Laptop-_-9SIA6R441G8885-_-Product,2016 Newest Asus X540LA 15.6 Inch Premium High Performance Laptop PC Intel i3-5020U Processor 4GB RAM 1TB HDD DVD+/-RW Webcam WIFI HDMI Windows 10 Silver,Asus Laptop,Asus Laptop
images10.newegg.com/ProductImage/A6R4_1312429831193550085mL9Y0lljU.jpg,,https://www.newegg.com/Product/Product.aspx?Item=9SIA6R454D0638&cm_re=Asus_Laptop-_-9SIA6R454D0638-_-Product,2017 Newest Asus 13.3 ZenBook 1920x1080 Anti-Glare Display High Performance Laptop 2.5 GHz Intel Core i7-6500U Dual-Core 8GB RAM 256GB SSD 802.11ac Bluetooth HDMI Webcam Windows 10,Asus Laptop,Asus Laptop
images10.newegg.com/ProductImage/34-232-866-17.jpg,,https://www.newegg.com/Product/Product.aspx?Item=N82E16834232866&cm_re=Asus_Laptop-_-34-232-866-_-Product,,,ASUS ROG GL552VW-DH74 15.6 Intel Core i7 6th Gen 6700HQ (2.60 GHz) NVIDIA GeForce GTX 960M 16 GB Memory 128 GB SSD 1 TB HDD Windows 10 Home 64-Bit Gaming Laptop,Asus Laptop,Asus Laptop
images10.newegg.com/ProductImage/34-232-769-37.jpg,,https://www.newegg.com/Product/Product.aspx?Item=N82E16834232769&cm_re=Asus_Laptop-_-34-232-769-_-Product,-50.0,120,ASUS ROG GL552VW-DH71 Gaming Laptop Intel Core i7 6700HQ (2.60 GHz) 16 GB Memory 1 TB HDD NVIDIA GeForce GTX 960M 2 GB GDDR5 15.6 Windows 10 Home 64-Bit,Asus Laptop,Asus Laptop
images10.newegg.com/ProductImage/34-232-338-01.jpg,,https://www.newegg.com/Product/Product.aspx?Item=9SIA0AJ3743847&cm_re=Asus_Laptop-_-9SIA0AJ3743847-_-Product,,,ASUS Laptop R510LAV-RS51 Intel Core i5 4th Gen 4210U (1.70 GHz) 8 GB Memory 500 GB HDD Intel HD Graphics 4400 15.6 Windows 8 64-Bit,Asus Laptop,Asus Laptop
images10.newegg.com/NeweggImage/ProductImage/34-234-150-01.jpg,,https://www.newegg.com/Product/Product.aspx?Item=N82E16834234150&cm_re=Asus_Laptop-_-34-234-150-_-Product,,,ASUS ROG G751JT-QH72-CB 17.3 Intel Core i7 4th Gen 4710HQ (2.50 GHz) NVIDIA GeForce GTX 970M 16 GB Memory 2 TB HDD Windows 8.1 64-Bit Gaming Laptop,Asus Laptop,Asus Laptop
images10.newegg.com/ProductImage/A10V_1_20161006183915884.jpg,,https://www.newegg.com/Product/Product.aspx?Item=9SIA10V4VP3729&cm_re=Asus_Laptop-_-9SIA10V4VP3729-_-Product,ASUS ZenBook 13.3 LED QHD+ Ultrabook Laptop Intel M3 Dual Core 8GB 256GB SSD,Asus Laptop,Asus Laptop
images10.newegg.com/ProductImage/2SN-0001-003M4-01.jpg,,https://www.newegg.com/Product/Product.aspx?Item=2SN-0001-003M4&cm_re=Apple_Laptop-_-2SN-0001-003M4-_-Product,32.5,54,Apple MMGF2LL/A MacBook Air 13.3-Inch Laptop (128 GB),Apple Laptop,Apple Laptop
images10.newegg.com/NeweggImage/ProductImage/A5E6_1_20150416344022066.jpg,,https://www.newegg.com/Product/Product.aspx?Item=2SN-0001-000D3&cm_re=Apple_Laptop-_-2SN-0001-000D3-_-Product,,,Apple MacBook Air MJVG2LL/A 13.3-Inch Notebook Laptop 256 GB Hard Drive + 4 GB Memory - 2015 version,Apple Laptop,Apple Laptop
images10.newegg.com/NeweggImage/ProductImage/34-100-408-01.jpg,,https://www.newegg.com/Product/Product.aspx?Item=N82E16834100408&cm_re=Apple_Laptop-_-34-100-408-_-Product,Apple Laptop MacBook MK4M2LL/A Intel Core M 1.10 GHz 8 GB Memory 256 GB SSD Intel HD Graphics 5300 12.0 Mac OS X v10.10 Yosemite,Apple Laptop,Apple Laptop
images10.newegg.com/ProductImage/34-100-885-S03.jpg,,https://www.newegg.com/Product/Product.aspx?Item=9SIABMT5580095&cm_re=Apple_Laptop-_-9SIABMT5580095-_-Product,,,Apple Laptop MacBook Pro With Touch Bar MLW82LL/A Intel Core i7 2.70 GHz 16 GB Memory 512 GB SSD AMD Radeon Pro 455 15.4  Mac OS X v10.12 Sierra,Apple Laptop,Apple Laptop
images10.newegg.com/ProductImage/34-100-776-01.jpg,,https://www.newegg.com/Product/Product.aspx?Item=N82E16834100776&cm_re=Apple_Laptop-_-34-100-776-_-Product,,,Apple Laptop MacBook Air MMGG2LL/A Intel Core i5 5th Gen 1.60 GHz 256 GB PCIe-Based Flash Storage SSD Intel HD Graphics 6000 13.3 Mac OS X El Capitan,Apple Laptop,Apple Laptop
images10.newegg.com/NeweggImage/ProductImage/ABMT_131275817151236236QT8k6TnDmm.jpg,,https://www.newegg.com/Product/Product.aspx?Item=9SIABMT56X5112&cm_re=Apple_Laptop-_-9SIABMT56X5112-_-Product,Apple Laptop MacBook Pro FJLQ2LL/A Intel Core i7 4770HQ (2.20 GHz) 16 GB Memory 256 GB SSD Intel Iris Pro Graphics 5200 15.4 Mac OS X v10.10 Yosemite,Apple Laptop,Apple Laptop
images10.newegg.com/ProductImage/AB6H_1_20161111841638232.jpg,,https://www.newegg.com/Product/Product.aspx?Item=9SIAB6H5320657&cm_re=Apple_Laptop-_-2SN-0001-006K1-_-Product,Apple A Grade Macbook Air 13.3-inch 1.4GHZ Dual Core i5 (Early 2014) MD760LL/B 128 GB HD 4 GB Memory 1440 x 900 Display Mac OS X v10.12 Sierra Power Adapter Included,Apple Laptop,Apple Laptop
images10.newegg.com/ProductImage/34-100-879-S03.jpg,,https://www.newegg.com/Product/Product.aspx?Item=9SIA37858T1930&cm_re=Apple_Laptop-_-34-100-879-_-Product,,,Apple Laptop MacBook Pro With Touch Bar MLH32LL/A Intel Core i7 2.60 GHz 16 GB Memory 256 GB SSD AMD Radeon Pro 450 15.4 Mac OS X v10.12 Sierra,Apple Laptop,Apple Laptop
images10.newegg.com/ProductImage/34-100-769-Z01.jpg,,https://www.newegg.com/Product/Product.aspx?Item=N82E16834100769&cm_re=Apple_Laptop-_-34-100-769-_-Product,Apple Laptop MacBook MLH82LL/A 1.20 GHz 8 GB Memory 512 GB SSD 12.0,Apple Laptop,Apple Laptop
images10.newegg.com/ProductImage/AB6H_1_20161111423125720.jpg,,https://www.newegg.com/Product/Product.aspx?Item=9SIAB6H52J2483&cm_re=Apple_Laptop-_-9SIAB6H52J2483-_-Product,Apple A Grade Macbook Pro 15.4-inch (Retina) 2.3Ghz Quad Core i7 (Mid 2012) MC975LL/A 256 GB SSD 8 GB Memory 2880x1800 Display macOS Sierra Power Adapter Included,Apple Laptop,Apple Laptop
images10.newegg.com/NeweggImage/ProductImage/A4HM_130798240823236259SFH3WXu4cg.jpg,,https://www.newegg.com/Product/Product.aspx?Item=9SIA60G5AT9258&cm_re=Apple_Laptop-_-34-100-401-_-Product,,,Apple Laptop MacBook Pro MJLQ2LL/A Intel Core i7 2.20 GHz 16 GB Memory 256 GB SSD 15.4,Apple Laptop,Apple Laptop
images10.newegg.com/ProductImage/A50Z_131141192224893004SAm1W74BOg.jpg,,https://www.newegg.com/Product/Product.aspx?Item=9SIA50Z4B14223&cm_re=Apple_Laptop-_-9SIA50Z4B14223-_-Product,Apple MacBook Pro MD101LL/A 13.3-Inch Laptop 8GB RAM i5 2.5Ghz CPU,Apple Laptop,Apple Laptop
images10.newegg.com/ProductImage/34-100-883-S03.jpg,,https://www.newegg.com/Product/Product.aspx?Item=9SIABMT54D0056&cm_re=Apple_Laptop-_-34-100-883-_-Product,,,Apple Laptop MacBook Pro With Touch Bar MLVP2LL/A Intel Core i5 2.9 GHz 8 GB Memory 256 GB SSD Intel Iris Graphics 550 13.3 Mac OS X v10.12 Sierra,Apple Laptop,Apple Laptop
images10.newegg.com/ProductImage/AB6H_1_20161116316869574.jpg,,https://www.newegg.com/Product/Product.aspx?Item=9SIAB6H53W4300&cm_re=Apple_Laptop-_-9SIAB6H53W4300-_-Product,Apple A Grade Macbook 13.3-inch (Glossy) White 2.13GHZ Core 2 Duo (Mid 2009) MC240LL/A 120 GB HD 2 GB Memory 1280 x 800 Display Mac OS X v10.7 Lion Power Adapter Included,Apple Laptop,Apple Laptop
images10.newegg.com/ProductImage/34-100-880-S04.jpg,,https://www.newegg.com/Product/Product.aspx?Item=9SIABGV5BR4713&cm_re=Apple_Laptop-_-34-100-880-_-Product,,,Apple Laptop MacBook Pro With Touch Bar MLH42LL/A Intel Core i7 2.70 GHz 16 GB Memory 512 GB SSD AMD Radeon Pro 455 15.4 Mac OS X v10.12 Sierra,Apple Laptop,Apple Laptop
images10.newegg.com/ProductImage/34-100-583-05.jpg,,https://www.newegg.com/Product/Product.aspx?Item=9SIAC8U50X1327&cm_re=Apple_Laptop-_-34-100-583-_-Product,Apple Laptop MacBook Pro A1398 Intel Core i7 3615QM (2.30 GHz) 16 GB Memory 256 GB SSD 15.4 Retina Display Mac OS X v10.10 Yosemite,Apple Laptop,Apple Laptop
images10.newegg.com/ProductImage/A5E6_1_20160113611782096.jpg,,https://www.newegg.com/Product/Product.aspx?Item=9SIA9UW4152912&cm_re=Apple_Laptop-_-2SN-0001-00102-_-Product,,,Apple MacBook Pro 13.3 LED 4GB Ram 250GB HD SuperDrive Laptop - MC374LL/A,Apple Laptop,Apple Laptop
images10.newegg.com/ProductImage/34-100-881-V07.jpg,,https://www.newegg.com/Product/Product.aspx?Item=N82E16834100881&cm_re=Apple_Laptop-_-34-100-881-_-Product,,,Apple Laptop MacBook Pro MLL42LL/A Intel Core i5 2.00 GHz 8 GB Memory 256 GB SSD Intel Iris Graphics 540 13.3 Mac OS X v10.12 Sierra,Apple Laptop,Apple Laptop
images10.newegg.com/ProductImage/34-100-882-S03.jpg,,https://www.newegg.com/Product/Product.aspx?Item=N82E16834100882&cm_re=Apple_Laptop-_-34-100-882-_-Product,,,Apple Laptop MacBook Pro MLUQ2LL/A Intel Core i5 6th Gen 2.00 GHz 8 GB Memory 256 GB SSD Intel Iris Graphics 540 13.3 Mac OS X v10.12 Sierra,Apple Laptop,Apple Laptop
images10.newegg.com/NeweggImage/ProductImage/A6BM_1312804254803752932fkRLE4rCQ.jpg,,https://www.newegg.com/Product/Product.aspx?Item=9SIA6BM5765958&cm_re=Apple_Laptop-_-9SIA6BM5765958-_-Product,Apple Macbook Pro MJLQ2LL/A 15-inch Laptop (2.2 GHz Intel Core i7 Processor 16GB RAM 256 GB SSD Mac OS X),Apple Laptop,Apple Laptop
images10.newegg.com/ProductImage/ABMT_131242415736050842CCAbpf4RX5.jpg,,https://www.newegg.com/Product/Product.aspx?Item=9SIABMT54D0066&cm_re=Apple_Laptop-_-9SIABMT54D0066-_-Product,,,Apple Laptop MacBook Pro With Touch Bar MNQG2LL/A Intel Core i5 2.9 GHz 8 GB Memory 512 GB SSD Intel Iris Graphics 550 13.3 Mac OS X v10.12 Sierra Silver,Apple Laptop,Apple Laptop
images10.newegg.com/ProductImage/34-100-878-S04.jpg,,https://www.newegg.com/Product/Product.aspx?Item=9SIA37859M6944&cm_re=Apple_Laptop-_-34-100-878-_-Product,,,Apple Laptop MacBook Pro With Touch Bar MLH12LL/A Intel Core i5 2.9 GHz 8 GB Memory 256 GB SSD Intel Iris Graphics 550 13.3 Mac OS X v10.12 Sierra,Apple Laptop,Apple Laptop
images10.newegg.com/ProductImage/34-100-786-05.jpg,,https://www.newegg.com/Product/Product.aspx?Item=N82E16834100786&cm_re=Apple_Laptop-_-34-100-786-_-Product,Apple Laptop - B Grade ME664LL/A Intel Core i7 3635QM (2.40 GHz) 16 GB Memory 256 GB SSD 15.4 Mac OS X v10.11 El Capitan,Apple Laptop,Apple Laptop
images10.newegg.com/NeweggImage/ProductImage/A60G_131301016183269826fbgnL2AQzk.jpg,,https://www.newegg.com/Product/Product.aspx?Item=9SIA60G58D6596&cm_re=Apple_Laptop-_-9SIA60G58D6596-_-Product,Apple MacBook Pro 13.3 - Grade A - Intel Core i5 2.40GHz 4GB Ram 500GB HDD WebCam Thunderbolt Mac OS X v10.12 Sierra - Unibody Aluminum,Apple Laptop,Apple Laptop
images10.newegg.com/ProductImage/34-100-886-S03.jpg,,https://www.newegg.com/Product/Product.aspx?Item=9SIABMT54D0059&cm_re=Apple_Laptop-_-9SIABMT54D0059-_-Product,,,Apple Laptop MacBook Pro With Touch Bar MNQF2LL/A Intel Core i5 2.9 GHz 8 GB Memory 512 GB SSD Intel Iris Graphics 550 13.3  Mac OS X v10.12 Sierra Space Gray,Apple Laptop,Apple Laptop
images10.newegg.com/NeweggImage/ProductImage/34-100-913-S03.jpg,,https://www.newegg.com/Product/Product.aspx?Item=N82E16834100913&cm_re=Apple_Laptop-_-34-100-913-_-Product,Apple Notebooks MacBook Pro ME864LL/A Intel Core i5 4th Gen 4258U (2.40 GHz) 8 GB Memory 256 GB SSD 13.3 Mac OS X v10.11 El Capitan,Apple Laptop,Apple Laptop
images10.newegg.com/ProductImage/AB6H_1_20161111841638232.jpg,,https://www.newegg.com/Product/Product.aspx?Item=9SIAB6H5320651&cm_re=Apple_Laptop-_-2SN-0001-006J5-_-Product,Apple A Grade MacBook Air 11.6-inch 1.4GHz Dual Core i5 (Early 2014) MD711LL/B 128 GB HD 4 GB Memory 1366 x 768 Display Mac OS X v10.12 Sierra Power Adapter Included,Apple Laptop,Apple Laptop
images10.newegg.com/ProductImage/AB6H_1_20161111952363767.jpg,,https://www.newegg.com/Product/Product.aspx?Item=9SIAB6H52J2415&cm_re=Apple_Laptop-_-9SIAB6H52J2415-_-Product,Apple A Grade Macbook Pro 15.4-inch (Retina DG) 2.6Ghz Quad Core i7 (Late 2013) ME874LL/A 512 GB SSD 16 GB Memory 2880x1800 Display macOS Sierra Power Adapter Included,Apple Laptop,Apple Laptop
images10.newegg.com/ProductImage/AB6H_1_20161111952363767.jpg,,https://www.newegg.com/Product/Product.aspx?Item=9SIAB6H52J2575&cm_re=Apple_Laptop-_-9SIAB6H52J2575-_-Product,Apple A Grade Macbook Pro 13.3-inch (Retina) 2.4Ghz Dual Core i5 (Late 2013) ME865LL/A 256 GB SSD 8 GB Memory 2560x1600 Display macOS Sierra Power Adapter Included,Apple Laptop,Apple Laptop
images10.newegg.com/ProductImage/A5E6_1_20160316654601516.jpg,,https://www.newegg.com/Product/Product.aspx?Item=9SIA5E63YG0161&cm_re=Apple_Laptop-_-9SIA5E63YG0161-_-Product,,,Apple MacBook 13.3 2.16GHz Intel Core 1GB Memory 120GB Hard Drive Laptop White,Apple Laptop,Apple Laptop
images10.newegg.com/ProductImage/34-100-127-03.jpg,,https://www.newegg.com/Product/Product.aspx?Item=9SIA9833BM0866&cm_re=Apple_Laptop-_-34-100-127-_-Product,,,Apple Laptop MacBook MA254LL/A/1G Intel Core Duo 1.83 GHz 1 GB Memory 60 GB HDD Intel GMA950 13.3 Mac OS X v10.4 Tiger,Apple Laptop,Apple Laptop
images10.newegg.com/ProductImage/34-100-588-05.jpg,,https://www.newegg.com/Product/Product.aspx?Item=9SIAC8U5290854&cm_re=Apple_Laptop-_-9SIAC8U5290854-_-Product,,,Apple Grade A Laptop MacBook Pro MD322LL/A-A Intel Core i7 2.40 GHz 4 GB Memory 750 GB HDD AMD Radeon HD 6770M 15.4 Mac OS X v10.7 Lion,Apple Laptop,Apple Laptop
images10.newegg.com/NeweggImage/ProductImage/AAM8_1_201608241811716293.jpg,,https://www.newegg.com/Product/Product.aspx?Item=9SIA9K84WP7532&cm_re=Apple_Laptop-_-0V4-0011-003R7-_-Product,Apple Macbook 5JY32LL/A 12.0-inch 256GB Intel Core M Dual-Core Certified Laptop - Space Gray,Apple Laptop,Apple Laptop
images10.newegg.com/ProductImage/A9PU_1_20151102557625049.jpg,,https://www.newegg.com/Product/Product.aspx?Item=9SIA77G4KZ1112&cm_re=Apple_Laptop-_-9SIA77G4KZ1112-_-Product,Apple MacBook Pro 128GB Wi-Fi Laptop 13.3 with Intel Core i5 - Silver,Apple Laptop,Apple Laptop
images10.newegg.com/ProductImage/A9PU_1_20151102557625053.jpg,,https://www.newegg.com/Product/Product.aspx?Item=9SIAC8U50W9675&cm_re=Apple_Laptop-_-1TS-000M-002C2-_-Product,Apple MacBook Air MJVE2LL/A 13.3-Inch 128GB Laptop,Apple Laptop,Apple Laptop
images10.newegg.com/ProductImage/34-100-785-03.jpg,,https://www.newegg.com/Product/Product.aspx?Item=N82E16834100785&cm_re=Apple_Laptop-_-34-100-785-_-Product,Apple Laptop ME664LL/A Intel Core i7 3635QM (2.40 GHz) 16 GB Memory 256 GB SSD 15.4 Mac OS X v10.11 El Capitan,Apple Laptop,Apple Laptop
images10.newegg.com/ProductImage/A6R4_1308356321349305274ptOBOtMVS.jpg,,https://www.newegg.com/Product/Product.aspx?Item=9SIA6R437M8688&cm_re=Toshiba_Laptop-_-9SIA6R437M8688-_-Product,Toshiba C55DT Touchscreen Laptop / 15.6 1366x768 HD Touch-Screen Display / AMD Quad-Core A8-6410 Processor / 4GB Memory / 500GB Hard Drive / DVD RW / WiFi / Webcam / Windows 8.1 / Jet Black,Toshiba Laptop,Toshiba Laptop
images10.newegg.com/ProductImage/A8X5_130925422297273735YdHdTTAW49.jpg,,https://www.newegg.com/Product/Product.aspx?Item=9SIAADF3YN0899&cm_re=Toshiba_Laptop-_-1TS-000F-00DG1-_-Product,Toshiba - Satellite Radius 2-in-1 12.5 4K Ultra HD Touch-Screen Laptop - Intel Core i7 - 8GB Memory - 256GB Solid State Drive - Carbon Gray
Model: P25W-C2300-4K Notebook,Toshiba Laptop,Toshiba Laptop
images10.newegg.com/NeweggImage/ProductImage/A1ZD_1_201612281037528097.jpg,,https://www.newegg.com/Product/Product.aspx?Item=9SIA1ZD56S3686&cm_re=Toshiba_Laptop-_-9SIA1ZD56S3686-_-Product,6.25,75,TOSHIBA Tecra R840 - 14.0 Intel i5 2.5GHz 4GB Memory 250GB HDD Windows 10 Pro,Toshiba Laptop,Toshiba Laptop
images10.newegg.com/ProductImage/A22F_1_20160113612157591.jpg,,https://www.newegg.com/Product/Product.aspx?Item=9SIA22F42T7715&cm_re=Toshiba_Laptop-_-9SIA22F42T7715-_-Product,Toshiba Satellite PSCPCU-006005 C55T-C5224 Laptop PC - Intel Core i3-4005U 1.7 GHz Dual-Core Processor - 6 GB DDR3L RAM - 1 TB Hard Drive - 15.6-inch Touchscreen Display - Windows 10 Home - ...,Toshiba Laptop,Toshiba Laptop
images10.newegg.com/ProductImage/V02W_1_201605131008116648.jpg,,https://www.newegg.com/Product/Product.aspx?Item=9SIA22F43W6952&cm_re=Toshiba_Laptop-_-9SIA22F43W6952-_-Product,Toshiba Satellite PSPQ2U-00S00N S55-B5280 Laptop PC - Intel Core i7-4510U 2 GHz Dual-Core Processor - 12 GB DDR3L SDRAM - 1 TB Hard Drive - 15.6-inch Display - Windows 8.1 - Brushed Aluminum ...,Toshiba Laptop,Toshiba Laptop
images10.newegg.com/NeweggImage/ProductImage/A1ZD_1_201610121079821476.jpg,,https://www.newegg.com/Product/Product.aspx?Item=9SIA1ZD58Y0637&cm_re=Toshiba_Laptop-_-9SIA1ZD58Y0637-_-Product,,,TOSHIBA Portege Z30-B - 13.3 Intel i5 2.2GHz 4GB Memory 128GB SSD Windows 10 Pro w/ Webcam Grade B,Toshiba Laptop,Toshiba Laptop
images10.newegg.com/ProductImage/34-217-443-02.jpg,,https://www.newegg.com/Product/Product.aspx?Item=N82E16834217443&cm_re=Toshiba_Laptop-_-34-217-443-_-Product,TOSHIBA Satellite Radius PSPVVU-006015B Intel Core i7 8 GB Memory 256 GB SSD 12.5 Touchscreen 3840 x 2160 Ultrabook,Toshiba Laptop,Toshiba Laptop
images10.newegg.com/ProductImage/A22F_1_20160512141209900.jpg,,https://www.newegg.com/Product/Product.aspx?Item=9SIA22F43S8712&cm_re=Toshiba_Laptop-_-9SIA22F43S8712-_-Product,Toshiba Satellite PSKT4U-07T00G L55-B5276 Notebook PC - Intel Core i5-4210U 1.7 GHz Dual-Core Processor - 8 GB DDR3L SDRAM - 1 TB Hard Drive - 15.6-inch Display - Windows 8.1 64-bit Edition,Toshiba Laptop,Toshiba Laptop
images10.newegg.com/ProductImage/A9JJ_130959467650702299vDbWEG9BrN.jpg,,https://www.newegg.com/Product/Product.aspx?Item=9SIA9JJ3NZ1770&cm_re=Toshiba_Laptop-_-9SIA9JJ3NZ1770-_-Product,Toshiba Satellite Click 2 L35W-B3204 Convertible 2-in-1 13.3 Touch-Screen Laptop (Intel Pentium Processor 4GB Memory 500GB Hard Drive Windows 8.1 Satin Gold),Toshiba Laptop,Toshiba Laptop
images10.newegg.com/ProductImage/V02W_1_20160513693267325.jpg,,https://www.newegg.com/Product/Product.aspx?Item=9SIA22F43Z6780&cm_re=Toshiba_Laptop-_-9SIA22F43Z6780-_-Product,Toshiba Satellite PSPTNU-00E00M S55-C5274 Laptop PC - Intel Core i7-5500U 2.4 GHz Dual-Core Processor - 12 GB DDR3L SDRAM - 1 TB Hard Drive - 15.6-inch Display - Windows 10 Home 64-bit Edition - ...,Toshiba Laptop,Toshiba Laptop
images10.newegg.com/ProductImage/V02W_1_20160513823686085.jpg,,https://www.newegg.com/Product/Product.aspx?Item=9SIA22F43Z6781&cm_re=Toshiba_Laptop-_-9SIA22F43Z6781-_-Product,Toshiba Satellite PSKWNU-06801R L55-C5272D Laptop PC - Intel Core i5-5200U 2.2 GHz Dual-Core Processor - 8 GB DDR3L SDRAM - 1 TB Hard Drive - 15.6-inch Display - Windows 10 Home 64-bit Edition - ...,Toshiba Laptop,Toshiba Laptop
images10.newegg.com/ProductImage/V02W_1_201605231836355021.jpg,,https://www.newegg.com/Product/Product.aspx?Item=9SIA22F4576244&cm_re=Toshiba_Laptop-_-9SIA22F4576244-_-Product,Toshiba Satellite PSPRDU-01H003 S55T-B5335 Laptop PC - Intel Core i5-4200H 2.8 GHz Dual-Core Processor - 8 GB DDR3L SDRAM - 1 TB Hard Drive - 15.6-inch Touchscreen Display - Windows 8 64-bit - ...,Toshiba Laptop,Toshiba Laptop
images10.newegg.com/NeweggImage/ProductImage/A9SK_1_201701301024442662.jpg,,https://www.newegg.com/Product/Product.aspx?Item=9SIA9SK58H8076&cm_re=Toshiba_Laptop-_-9SIA9SK58H8076-_-Product,Toshiba Satellite P25W-C2300-4K Intel Core i7-6500U X2 2.5GHz 8GB 256GB SSD,Toshiba Laptop,Toshiba Laptop
images10.newegg.com/ProductImage/A22F_1_201608111556609914.jpg,,https://www.newegg.com/Product/Product.aspx?Item=9SIA5UZ53E3506&cm_re=Toshiba_Laptop-_-9SIA5UZ53E3506-_-Product,Toshiba Chromebook 2 PLM02U-00C008 CB30-B3121 Chromebook PC - Intel Celeron N2840 2.16 GHz Dual-Core Processor - 2 GB DDR3L SDRAM - 16 GB Solid State Drive - 13.3-inch Display - Chrome OS 64-bit ...,Toshiba Laptop,Toshiba Laptop
images10.newegg.com/ProductImage/A10V_1_201609121776420978.jpg,,https://www.newegg.com/Product/Product.aspx?Item=9SIA10V4NG2800&cm_re=Toshiba_Laptop-_-9SIA10V4NG2800-_-Product,Toshiba Tecra Z40-A 14 Laptop Intel i7-4600U Dual Core 2.1GHz 16GB 128GB SSD,Toshiba Laptop,Toshiba Laptop
images10.newegg.com/ProductImage/A10V_1_2016121930111932.jpg,,https://www.newegg.com/Product/Product.aspx?Item=9SIA10V55V8182&cm_re=Toshiba_Laptop-_-9SIA10V55V8182-_-Product,Toshiba Tecra Z40-A 14 Laptop Intel i7-4600U Dual Core 2.1GHz 16GB 128GB SSD,Toshiba Laptop,Toshiba Laptop
images10.newegg.com/NeweggImage/ProductImage/AADF_131269928801933864vuge7D1iHO.jpg,,https://www.newegg.com/Product/Product.aspx?Item=9SIAADF56F0423&cm_re=Toshiba_Laptop-_-9SIAADF56F0423-_-Product,Toshiba Satellite S55-C5161 15.6 Notebook Computer Intel Core i7-6700HQ 2.6GHz 8GB RAM 512GB SSD Windows 10 Home,Toshiba Laptop,Toshiba Laptop
images10.newegg.com/NeweggImage/ProductImage/A5HA_1_20170112218767846.jpg,,https://www.newegg.com/Product/Product.aspx?Item=9SIA5HA58B3868&cm_re=Toshiba_Laptop-_-9SIA5HA58B3868-_-Product,,,Toshiba Portege M400 Intel i5 Dual Core 2000 MHz 128Gig SSD 8192MB NO OPTICAL DRIVE 12.0 WideScreen LCD Windows 10 Professional 64 Bit Laptop Notebook,Toshiba Laptop,Toshiba Laptop
images10.newegg.com/ProductImage/34-216-814-05.jpg,,https://www.newegg.com/Product/Product.aspx?Item=9SIA0AJ2314432&cm_re=Toshiba_Laptop-_-9SIA0AJ2314432-_-Product,43.75,45,TOSHIBA Laptop C55T-A5123 Intel Celeron N2820 (2.13 GHz) 4 GB Memory 500 GB HDD Intel HD Graphics 15.6 Windows 8.1,Toshiba Laptop,Toshiba Laptop
images10.newegg.com/ProductImage/34-216-908-07.jpg,,https://www.newegg.com/Product/Product.aspx?Item=9SIA0AJ32J5785&cm_re=Toshiba_Laptop-_-9SIA0AJ32J5785-_-Product,TOSHIBA  L75D-A7283  NotebookAMD A-Series  A4-5000 (1.50GHz)  6GB  Memory 750GB  HDD DVD Super Multi Webcam AMD Radeon HD 8330  17.3   Windows 8 64-Bit,Toshiba Laptop,Toshiba Laptop
images10.newegg.com/NeweggImage/ProductImage/A9AX_131293151975211840sHNSRPqWdy.jpg,,https://www.newegg.com/Product/Product.aspx?Item=9SIA9AX58X8299&cm_re=Toshiba_Laptop-_-9SIA9AX58X8299-_-Product,Dell Latitude E6430 1366x768 Intel Core i5 3340M CPU @ 2.70GHz 16GB Memory Intel HD Graphics 4000 300GB Toshiba MQ01ABF032 HDD Microsoft Windows 7 Pro 32-bit Laptop 7FJKL12,Toshiba Laptop,Toshiba Laptop
images10.newegg.com/NeweggImage/ProductImage/A10V_1_20170121580620279.jpg,,https://www.newegg.com/Product/Product.aspx?Item=9SIA10V5937703&cm_re=Toshiba_Laptop-_-9SIA10V5937703-_-Product,Toshiba Satellite Radius 12 12.5 Notebook Laptop Intel Core i7 2.5GHz 8GB 256GB,Toshiba Laptop,Toshiba Laptop
images10.newegg.com/ProductImage/A7XB_1311354308690660253qwIs56WuP.jpg,,https://www.newegg.com/Product/Product.aspx?Item=9SIA7XB4NK0433&cm_re=Toshiba_Laptop-_-9SIA7XB4NK0433-_-Product,2016 Newest Toshiba Satellite Radius 2-in-1 12.5 4K Ultra HD Touchscreen Flagship Laptop Intel Core i7-6500U Mobile Processor 8GB Memory 256GB SSD Webcam WIFI Bluetooth Windows 10,Toshiba Laptop,Toshiba Laptop
images10.newegg.com/ProductImage/AAK7_1311100108845045544dJKzq2ITz.jpg,,https://www.newegg.com/Product/Product.aspx?Item=9SIA8X54SE8830&cm_re=Toshiba_Laptop-_-9SIA8X54SE8830-_-Product,Toshiba Satellite P25W-C2300-4KB 12.5 Laptop Touchscreen 2-in-1 Windows 10 Intel Core i7-6500U Processor 8GB RAM 256GB Solid State Drive,Toshiba Laptop,Toshiba Laptop
images10.newegg.com/NeweggImage/ProductImage/34-214-725-02.jpg,,https://www.newegg.com/Product/Product.aspx?Item=9SIAC745BS4262&cm_re=Toshiba_Laptop-_-9SIAC745BS4262-_-Product,6.25,75,TOSHIBA Laptop Satellite A215-S4817 AMD Turion 64 X2 TL-58 (1.90 GHz) 2 GB Memory 160 GB HDD ATI Radeon X1200 IGP 15.4 Windows Vista Home Premium 32-Bit,Toshiba Laptop,Toshiba Laptop
images10.newegg.com/ProductImage/A22F_1_20160622119364427.jpg,,https://www.newegg.com/Product/Product.aspx?Item=9SIA22F4815474&cm_re=Toshiba_Laptop-_-9SIA22F4815474-_-Product,Toshiba Satellite PSPUGU-00200D S55T-C5325-4k Laptop PC - Intel Core i7-6700HQ 2.6 GHz Quad-Core Processor - 16 GB DDR3L RAM - 1 TB Hard Drive - 15.6-inch Touchscreen Display - Windows 10 Home ...,Toshiba Laptop,Toshiba Laptop
images10.newegg.com/NeweggImage/ProductImage/A22F_1_201610111660168122.jpg,,https://www.newegg.com/Product/Product.aspx?Item=9SIA33858K7646&cm_re=Toshiba_Laptop-_-9SIA33858K7646-_-Product,Toshiba Satellite PSLRAU-00P008 L55W-C5280 Laptop PC - Intel Core i5-5200U 2.2 GHz Up to 2.7 GHz Dual-Core Processor - 8 GB DDR3L RAM - 750 GB Hard Drive - 15.6-inch Touchscreen Display - Windows ...,Toshiba Laptop,Toshiba Laptop
images10.newegg.com/ProductImage/A22F_1_20160902658255186.jpg,,https://www.newegg.com/Product/Product.aspx?Item=9SIA22F4K31707&cm_re=Toshiba_Laptop-_-9SIA22F4K31707-_-Product,Toshiba Satellite PSKJJU-018009 S55-A5295 Laptop PC - Intel Core i7-3630QM 2.4 GHz Quad-Core Processor - 12 GB DDR3 RAM - 1 TB Hard Drive - 15.6-inch Display - Windows 8 64-bit - Black - Ice Silver,Toshiba Laptop,Toshiba Laptop
images10.newegg.com/ProductImage/A22F_1_20161031224980108.jpg,,https://www.newegg.com/Product/Product.aspx?Item=9SIA22F5171586&cm_re=Toshiba_Laptop-_-9SIA22F5171586-_-Product,Toshiba Satellite Fusion PSLRAU-00V007B L55W-C5320 Convertible Laptop PC - Intel Core i7-5500U 2.4 GHz Dual-Core Processor - 12 GB DDR3L RAM - 1 TB Hard Drive - 15.6-inch Touch Screen IPS LCD ...,Toshiba Laptop,Toshiba Laptop
images10.newegg.com/ProductImage/A22F_1_201607051910700263.jpg,,https://www.newegg.com/Product/Product.aspx?Item=9SIA22F48M2374&cm_re=Toshiba_Laptop-_-9SIA22F48M2374-_-Product,Toshiba Satellite C55-C5270 PSCPAU-01601E Notebook PC - Intel Core i3-4005U 1.7 GHz Dual-Core Processor - 8 GB DDR3L SDRAM - 1 TB Hard Drive - 15.6-inch Display - Windows 10 Home 64-bit Edition,Toshiba Laptop,Toshiba Laptop
images10.newegg.com/ProductImage/A10V_1_2016111827545379.jpg,,https://www.newegg.com/Product/Product.aspx?Item=9SIA10V5421174&cm_re=Toshiba_Laptop-_-9SIA10V5421174-_-Product,Toshiba Portégé Z930 13.3 LED Ultrabook Core i7-3687U 2.1GHz 6GB 256GB SSD,Toshiba Laptop,Toshiba Laptop
images10.newegg.com/ProductImage/34-216-791-05.jpg,,https://www.newegg.com/Product/Product.aspx?Item=9SIA0AJ2330001&cm_re=Toshiba_Laptop-_-9SIA0AJ2330001-_-Product,,,Toshiba CB30-A3120 13.3 Chromebook with Intel Celeron 2955U Dual Core 1.4Ghz CPU 2GB DDR3L RAM 16GB SSD + 100GB Google Drive (Cloud Storage) Bluetooth 4.0 HDMI Out Google Chrome OS,Toshiba Laptop,Toshiba Laptop
images10.newegg.com/ProductImage/A8X5_130959274612255650nuDq6dfqXc.jpg,,https://www.newegg.com/Product/Product.aspx?Item=9SIA8X53NZ0645&cm_re=Toshiba_Laptop-_-9SIA8X53NZ0645-_-Product,Toshiba - Satellite Radius 15.6 4K Ultra HD Touch-Screen Laptop - Intel Core i7 - 8GB Memory - 256GB Solid State Drive - Carbon Gray
Model: P55W-C5210-4K Notebook PC Computer,Toshiba Laptop,Toshiba Laptop
images10.newegg.com/ProductImage/A6R4_131035303220894394jb2K4Bmqcs.jpg,,https://www.newegg.com/Product/Product.aspx?Item=9SIAADF44G6084&cm_re=Toshiba_Laptop-_-1XV-0008-00013-_-Product,2016 Newest Toshiba Radius Flagship Premium High Performance 12.5 4K 3840 x 2160 UHD Touch-screen Flip Convertible Laptop Intel Core i7 Processor 2.5 GHz 8GB Memory 256GB SSD No DVD Windows 10,Toshiba Laptop,Toshiba Laptop
images10.newegg.com/ProductImage/A6R4_130832785781031425B6herQQjen.jpg,,https://www.newegg.com/Product/Product.aspx?Item=9SIA6R43743482&cm_re=Toshiba_Laptop-_-9SIA6R43743482-_-Product,Toshiba S55T 15.6-Inch Touchscreen Laptop  / 15.6 in 720P Touschscreen Display / i7-4710HQ / 12GB / 1TB / No Optical Drive / HDMI / WiFi / Webcam / Bluetooth / Windows 8.1 64-bit / Santin Gold,Toshiba Laptop,Toshiba Laptop
images10.newegg.com/ProductImage/A7AB_130855386962297227aAsY5gR4c9.jpg,,https://www.newegg.com/Product/Product.aspx?Item=9SIA6R43RC4051&cm_re=Toshiba_Laptop-_-9SIA6R43RC4051-_-Product,Toshiba Radius 2-in-1 11.6 inch Touch-screen Laptop Intel Celeron Processor N2840 4GB Memory 500GB HD Webcam Windows 8.1 64-bit,Toshiba Laptop,Toshiba Laptop
,,https://www.newegg.com/Product/Product.aspx?Item=9SIA9B555J5277&cm_re=Dell_Laptop-_-34-297-342-_-Product,,Dell Laptop,Dell Laptop
images10.newegg.com/ProductImage/A686_131249945747158691yFHCEKSWra.jpg,,https://www.newegg.com/Product/Product.aspx?Item=9SIA6V65501149&cm_re=Dell_Laptop-_-1TS-000A-01CJ1-_-Product,,,Dell Inspiron 15 Touch Laptop: Core i7-6500U 8GB RAM 1TB HDD 15.6 Full HD Touch Display,Dell Laptop,Dell Laptop
images10.newegg.com/ProductImage/34-294-365-01.jpg,,https://www.newegg.com/Product/Product.aspx?Item=N82E16834294365&cm_re=Dell_Laptop-_-34-294-365-_-Product,18.75,65,DELL Laptop Inspiron 17-5767 (i5767-6370GRY) Intel Core i7 7th Gen 7500U (2.70 GHz) 16 GB Memory 2 TB HDD AMD Radeon R7 M445 17.3 Windows 10 Home 64-Bit,Dell Laptop,Dell Laptop
images10.newegg.com/ProductImage/A6R4_131267404162062217kbggk9q8fG.jpg,,https://www.newegg.com/Product/Product.aspx?Item=9SIA6R45655679&cm_re=Dell_Laptop-_-9SIA6R45655679-_-Product,2017 Newest Dell Inspiron 17.3 FHD Touchscreen Signature Laptop Intel Core i7-6500U 16GB RAM 1TB HDD DVD Backlit keyboard HDMI Bluetooth 802.11ac DVD HD Webcam Windows10-MaxxAudio Pro,Dell Laptop,Dell Laptop
images10.newegg.com/ProductImage/A6R4_131166276875656078R4Ko5xBMC7.jpg,,https://www.newegg.com/Product/Product.aspx?Item=9SIA6R44HG9014&cm_re=Dell_Laptop-_-9SIA6R44HG9014-_-Product,2016 Newest Dell Inspiron 15.6 HD Widescreen display LED backlight Laptop Intel Core i3 processor 2.1 GHz 4GB RAM 1TB HDD WiFi Bluetooth HDMI Webcam Windows 10 64-bit,Dell Laptop,Dell Laptop
images10.newegg.com/ProductImage/34-294-362-03.jpg,,https://www.newegg.com/Product/Product.aspx?Item=N82E16834294362&cm_re=Dell_Laptop-_-34-294-362-_-Product,18.75,65,DELL Laptop Inspiron 17-5765 (i5765-6382GRY) AMD FX-Series FX-9800P (2.7 GHz) 16 GB Memory 2 TB HDD AMD Radeon R8 M445DX 17.3 Windows 10 Home 64-Bit,Dell Laptop,Dell Laptop
images10.newegg.com/ProductImage/AA0S_131256278469669705BfaGK8o8rK.jpg,,https://www.newegg.com/Product/Product.aspx?Item=9SIAA0S54S3689&cm_re=Dell_Laptop-_-9SIAA0S54S3689-_-Product,,,Dell Inspiron 15.6 HD Touch-Screen Laptop Intel Core i5 Upto 2.7GHz 8GB Ram 256GB SSD  DVD-RW Webcam Wifi Bluetooth Windows 10 Professional 64Bit,Dell Laptop,Dell Laptop
images10.newegg.com/ProductImage/1TS-000A-01804-01.jpg,,https://www.newegg.com/Product/Product.aspx?Item=1TS-000A-01804&cm_re=Dell_Laptop-_-1TS-000A-01804-_-Product,43.75,45,Dell Inspiron 17 5000 (i5765-1317GRY) AMD A9-9400 (2.40 GHz) 8 GB Memory 1 TB HDD AMD Radeon R5 Series 17.3 HD+ 1600 x 900 Windows 10 Home 64-Bit,Dell Laptop,Dell Laptop
images10.newegg.com/ProductImage/34-297-344-09.jpg,,https://www.newegg.com/Product/Product.aspx?Item=N82E16834297344&cm_re=Dell_Laptop-_-34-297-344-_-Product,,,DELL Laptop Inspiron 15 i5559-7081SLV Intel Core i7 6th Gen 6500U (2.50 GHz) 8 GB Memory 1 TB HDD AMD Radeon R5 M335 15.6 Touchscreen Windows 10 Home 64-Bit,Dell Laptop,Dell Laptop
images10.newegg.com/ProductImage/34-294-364-01.jpg,,https://www.newegg.com/Product/Product.aspx?Item=N82E16834294364&cm_re=Dell_Laptop-_-34-294-364-_-Product,18.75,65,DELL Laptop Inspiron 17-5767 (i5767-3649GRY) Intel Core i7 7th Gen 7500U (2.70 GHz) 8 GB Memory 1 TB HDD AMD Radeon R7 M445 17.3 Windows 10 Home 64-Bit,Dell Laptop,Dell Laptop
images10.newegg.com/NeweggImage/ProductImage/34-297-343-09.jpg,,https://www.newegg.com/Product/Product.aspx?Item=9SIAC8857G2743&cm_re=Dell_Laptop-_-34-297-343-_-Product,,,DELL Laptop Inspiron 15 i5559-4415SLV Intel Core i5 6th Gen 6200U (2.30 GHz) 8 GB Memory 1 TB HDD Intel HD Graphics 520 15.6 Touchscreen Windows 10 Home 64-Bit,Dell Laptop,Dell Laptop
images10.newegg.com/ProductImage/34-296-802-03.jpg,,https://www.newegg.com/Product/Product.aspx?Item=N82E16834296802&cm_re=Dell_Laptop-_-34-296-802-_-Product,DELL Laptop Latitude E6230 Intel Core i5 3rd Gen 3320M (2.60 GHz) 8 GB Memory 256 GB SSD 12.5 Windows 10 Pro 64-Bit,Dell Laptop,Dell Laptop
images10.newegg.com/ProductImage/AA0S_131256905904523606fgLW15Bh6L.jpg,,https://www.newegg.com/Product/Product.aspx?Item=9SIAA0S54T7139&cm_re=Dell_Laptop-_-9SIAA0S54T7139-_-Product,,,Dell Inspiron 3000 Series 15.6 HD Notebook Intel Dual-Core i3 8GB Ram 256GB SSD  Webcam Wifi Bluetooth HDMI Windows 10 Professional 64Bit,Dell Laptop,Dell Laptop
images10.newegg.com/ProductImage/34-297-735-10.jpg,,https://www.newegg.com/Product/Product.aspx?Item=N82E16834297735&cm_re=Dell_Laptop-_-34-297-735-_-Product,43.75,45,DELL Laptop XPS 13 Touch XPS9350-8008SLV Intel Core i7 6th Gen 6560U (2.20 GHz) 16 GB Memory 512 GB SSD Intel Iris Graphics 540 13.3 Touchscreen Windows 10 Home 64-Bit,Dell Laptop,Dell Laptop
images10.newegg.com/NeweggImage/ProductImage/A7AB_131248185383509303wYjBMwFzXG.jpg,,https://www.newegg.com/Product/Product.aspx?Item=9SIAA3Z5813273&cm_re=Dell_Laptop-_-1TS-000A-01C63-_-Product,Dell i3552-3240BLK 15.6 HD Laptop (Intel Pentium N3700 1.6GHz Processor 4 GB DDR3L SDRAM 500 GB HDD Windows 10) Black,Dell Laptop,Dell Laptop
images10.newegg.com/NeweggImage/ProductImage/34-294-611-Z01.jpg,,https://www.newegg.com/Product/Product.aspx?Item=N82E16834294611&cm_re=Dell_Laptop-_-34-294-611-_-Product,,,DELL Grade A Laptop Latitude D630 Intel Core 2 Duo T7100 (1.80 GHz) 4 GB Memory 160 GB HDD 14.1 Windows 10 Home,Dell Laptop,Dell Laptop
images10.newegg.com/NeweggImage/ProductImage/A9JJ_131271279965060728S679bsMBf6.jpg,,https://www.newegg.com/Product/Product.aspx?Item=9SIA9JJ56H2200&cm_re=Dell_Laptop-_-9SIA9JJ56H2200-_-Product,Dell Inspiron 3000 Series 15.6 Laptop (Intel Core i3-5005U Processor 6GB Memory 1TB Hard Drive Intel HD Graphics 5500 Windows 10 Black),Dell Laptop,Dell Laptop
images10.newegg.com/ProductImage/34-298-178-04.jpg,,https://www.newegg.com/Product/Product.aspx?Item=N82E16834298178&cm_re=Dell_Laptop-_-34-298-178-_-Product,DELL C Grade Laptop E6420 Intel Core i5 2410M (2.30 GHz) 4 GB Memory 250 GB HDD 14.0 Windows 10 Home 64-Bit,Dell Laptop,Dell Laptop
images10.newegg.com/ProductImage/34-294-361-03.jpg,,https://www.newegg.com/Product/Product.aspx?Item=N82E16834294361&cm_re=Dell_Laptop-_-34-294-361-_-Product,43.75,45,DELL Laptop Inspiron 17-5765 (i5765-2764GRY) AMD A12-Series A12-9700P (2.50 GHz) 8 GB Memory 1 TB HDD AMD Radeon R7 Series 17.3 Windows 10 Home 64-Bit,Dell Laptop,Dell Laptop
images10.newegg.com/ProductImage/050-00WT-00002-01.jpg,,https://www.newegg.com/Product/Product.aspx?Item=050-00WT-00002&cm_re=Dell_Laptop-_-050-00WT-00002-_-Product,43.75,45,Dell Inspiron 15 5000 (i5567-1836GRY) Intel Core i5 7200U (2.50 GHz) 8 GB Memory 1 TB HDD Intel HD Graphics 620 15.6 1366 x 768 Windows 10 Home 64-Bit,Dell Laptop,Dell Laptop
images10.newegg.com/ProductImage/34-298-177-07.jpg,,https://www.newegg.com/Product/Product.aspx?Item=N82E16834298177&cm_re=Dell_Laptop-_-34-298-177-_-Product,DELL C Grade Laptop E6410 Intel Core i5 1st Gen 520M (2.40 GHz) 4 GB Memory 250 GB HDD 14.1 Windows 10 Home 64-Bit,Dell Laptop,Dell Laptop
images10.newegg.com/ProductImage/34-295-406-01.jpg,,https://www.newegg.com/Product/Product.aspx?Item=N82E16834295406&cm_re=Dell_Laptop-_-34-295-406-_-Product,43.75,45,DELL Laptop XPS XPS9350-2008SLV Intel Core i5 6th Gen 6200U (2.30 GHz) 8 GB Memory 128 GB SSD Intel HD Graphics 520 13.3 Touchscreen Windows 10 Home 64-Bit,Dell Laptop,Dell Laptop
images10.newegg.com/ProductImage/34-299-203-06.jpg,,https://www.newegg.com/Product/Product.aspx?Item=N82E16834299203&cm_re=Dell_Laptop-_-34-299-203-_-Product,DELL Laptop E6420 Intel Core i7 2.70 GHz 4 GB Memory 128 GB SSD 14.0 Windows 10 Pro 64-Bit,Dell Laptop,Dell Laptop
,,https://www.newegg.com/Product/Product.aspx?Item=N82E16834295706&cm_re=Dell_Laptop-_-34-295-706-_-Product,,Dell Laptop,Dell Laptop
images10.newegg.com/ProductImage/34-296-791-04.jpg,,https://www.newegg.com/Product/Product.aspx?Item=N82E16834296791&cm_re=Dell_Laptop-_-34-296-791-_-Product,DELL Laptop Latitude E6330 Intel Core i5 3320M (2.60 GHz) 16 GB Memory 256 GB SSD 13.3 Windows 10 Pro 64-Bit,Dell Laptop,Dell Laptop
images10.newegg.com/NeweggImage/ProductImage/34-863-531-Z01.jpg,,https://www.newegg.com/Product/Product.aspx?Item=N82E16834863531&cm_re=Dell_Laptop-_-34-863-531-_-Product,,,DELL Laptop Latitude E5270 Intel Core i5 6th Gen 6300U (2.40 GHz) 8 GB Memory 128 GB SSD Intel HD Graphics 520 12.5 Windows 10 Pro 64-Bit - OEM,Dell Laptop,Dell Laptop
images10.newegg.com/ProductImage/A95Z_131110119630836937BMN58szQ6o.jpg,,https://www.newegg.com/Product/Product.aspx?Item=9SIA95Z47Y5448&cm_re=Dell_Laptop-_-1TS-000A-00X36-_-Product,Dell Latitude E6430 Notebook - i5 3320m 2.6 GHZ 8 GB RAM 128 GB Solid State Hard Drive Cam DVDRW - Windows 10 Home - AC Adapter included,Dell Laptop,Dell Laptop
images10.newegg.com/ProductImage/34-299-477-08.jpg,,https://www.newegg.com/Product/Product.aspx?Item=N82E16834299477&cm_re=Dell_Laptop-_-34-299-477-_-Product,DELL Laptop Latitude E6420 Intel Core i5 2nd Gen 2520M (2.50 GHz) 8 GB Memory 240 GB SSD Intel HD Graphics 3000 14.0 Windows 7 Professional 64-Bit,Dell Laptop,Dell Laptop
images10.newegg.com/ProductImage/34-296-821-04.jpg,,https://www.newegg.com/Product/Product.aspx?Item=9SIABYS4XB7626&cm_re=Dell_Laptop-_-34-296-821-_-Product,,,DELL Laptop Latitude E6440 Intel Core i5 4th Gen 4300M (2.60 GHz) 8 GB Memory 256 GB SSD 14.0 Windows 7 Professional 64-Bit,Dell Laptop,Dell Laptop
images10.newegg.com/ProductImage/34-299-726-08.jpg,,https://www.newegg.com/Product/Product.aspx?Item=N82E16834299726&cm_re=Dell_Laptop-_-34-299-726-_-Product,DELL Laptop Latitude E6420 Intel Core i5 2520M (2.50 GHz) 6 GB Memory 256 GB SSD Intel HD Graphics 3000 14.0 Windows 10 Home 64-Bit,Dell Laptop,Dell Laptop
images10.newegg.com/ProductImage/34-298-875-08.jpg,,https://www.newegg.com/Product/Product.aspx?Item=N82E16834298875&cm_re=Dell_Laptop-_-34-298-875-_-Product,DELL B Grade Laptop E6320 Intel Core i5 2nd Gen 2520M (2.50 GHz) 4 GB Memory 320 GB HDD 13.3 Windows 7 Professional 64-Bit,Dell Laptop,Dell Laptop
images10.newegg.com/ProductImage/34-300-982-06.jpg,,https://www.newegg.com/Product/Product.aspx?Item=N82E16834300982&cm_re=Dell_Laptop-_-34-300-982-_-Product,DELL Laptop E6420 Intel Core i5 2.50 GHz 4 GB Memory 256 GB SSD 14.0 Windows 10 Pro 64-Bit,Dell Laptop,Dell Laptop
images10.newegg.com/ProductImage/34-296-450-08.jpg,,https://www.newegg.com/Product/Product.aspx?Item=9SIA4RR4TZ1276&cm_re=Dell_Laptop-_-9SIA4RR4TZ1276-_-Product,DELL Laptop Latitude E6430S Intel Core i5 2.60 GHz 4 GB Memory 128 GB SSD 14.0 Windows 7 Professional,Dell Laptop,Dell Laptop
images10.newegg.com/ProductImage/34-296-650-04.jpg,,https://www.newegg.com/Product/Product.aspx?Item=N82E16834296650&cm_re=Dell_Laptop-_-34-296-650-_-Product,DELL Laptop Latitude E6420 Intel Core i5 2nd Gen 2520M (2.50 GHz) 16 GB Memory 256 GB SSD 14.0 Windows 10 Pro 64-Bit,Dell Laptop,Dell Laptop
images10.newegg.com/ProductImage/34-294-681-S04.jpg,,https://www.newegg.com/Product/Product.aspx?Item=N82E16834294681&cm_re=Dell_Laptop-_-34-294-681-_-Product,DELL Laptop E6420 Intel Core i5 2nd Gen 2520M (2.50 GHz) 8 GB Memory 120 GB SSD Intel HD Graphics 3000 14.0 Windows 10 Pro 64-Bit,Dell Laptop,Dell Laptop
,,https://www.newegg.com/Product/Product.aspx?Item=N82E16834295371&cm_re=Dell_Laptop-_-34-295-371-_-Product,,Dell Laptop,Dell Laptop
images10.newegg.com/ProductImage/A8X5_131074650664866176Torf4LFM0a.jpg,,https://www.newegg.com/Product/Product.aspx?Item=9SIA4RE4T34284&cm_re=Razor_Laptop-_-1TS-002K-00003-_-Product,Razer Blade Stealth 12.5 4K Touchscreen Ultrabook (6th Generation Intel Core i7 8GB RAM 256 GB SSD Windows 10) Touch Screen Laptop Notebook PC Computer Gaming,Razor Laptop,Razor Laptop
images10.newegg.com/NeweggImage/ProductImage/34-326-030-01.jpg,,https://www.newegg.com/Product/Product.aspx?Item=N82E16834326030&cm_re=Razor_Laptop-_-34-326-030-_-Product,Razer Blade RZ09-01302E21-MSU1 14.0 Intel Core i7 4th Gen 4720HQ (2.60 GHz) NVIDIA GeForce GTX 970M 16 GB Memory 256 GB SSD Windows 10 Home Gaming Laptop,Razor Laptop,Razor Laptop
images10.newegg.com/NeweggImage/ProductImage/34-326-033-01.jpg,,https://www.newegg.com/Product/Product.aspx?Item=N82E16834326033&cm_re=Razor_Laptop-_-34-326-033-_-Product,Razer Blade RZ09-01652E22-MSU1 14.0 Intel Core i7 6th Gen 6500U (2.50 GHz) NVIDIA GeForce GTX 970M 16 GB Memory 256 GB SSD Windows 10 Home Gaming Laptop,Razor Laptop,Razor Laptop
images10.newegg.com/ProductImage/A8X5_131074655941722845Id51nSqj3a.jpg,,https://www.newegg.com/Product/Product.aspx?Item=9SIA4RE4T34293&cm_re=Razor_Laptop-_-1TS-002K-00004-_-Product,Razer Blade Stealth 12.5 4K Touchscreen Ultrabook (6th Generation Intel Core i7 8GB RAM 512 GB SSD Windows 10) Touch Screen Laptop Notebook PC Gaming Computer,Razor Laptop,Razor Laptop
images10.newegg.com/NeweggImage/ProductImage/34-326-032-Z01.jpg,,https://www.newegg.com/Product/Product.aspx?Item=N82E16834326032&cm_re=Razor_Laptop-_-34-326-032-_-Product,,,Razer Blade RZ09-01652E21-R3U1 14.0 Intel Core i7 6700HQ (2.60 GHz) NVIDIA GeForce GTX 970M 16 GB Memory 256 GB SSD Windows 10 Home A Grade Gaming Laptop,Razor Laptop,Razor Laptop
images10.newegg.com/ProductImage/34-132-004-17.jpg,,https://www.newegg.com/Product/Product.aspx?Item=9SIA1CZ3XG9515&cm_re=Samsung_Laptop-_-34-132-004-_-Product,50.0,40,SAMSUNG Laptop NP900X3L-K06US Intel Core i5 6th Gen 6200U (2.30 GHz) 8 GB Memory 256 GB SSD Intel HD Graphics 520 13.3 Windows 10 Home,Samsung Laptop,Samsung Laptop
images10.newegg.com/ProductImage/34-132-086-12.jpg,,https://www.newegg.com/Product/Product.aspx?Item=9SIA3FA4YC6153&cm_re=Samsung_Laptop-_-34-132-086-_-Product,SAMSUNG Notebooks NP500R5L-M03US Intel Core i7 6500U (2.50 GHz) 8 GB Memory 1 TB HDD 128 GB SSD Intel HD Graphics 520 15.6 Windows 10 Home,Samsung Laptop,Samsung Laptop
images10.newegg.com/ProductImage/34-132-005-13.jpg,,https://www.newegg.com/Product/Product.aspx?Item=9SIA3FA4YY0373&cm_re=Samsung_Laptop-_-9SIA3FA4YY0373-_-Product,50.0,40,SAMSUNG Laptop NP900X5L-K02US Intel Core i7 6th Gen 6500U (2.50 GHz) 8 GB Memory 256 GB SSD Intel HD Graphics 15.0 Windows 10 Home,Samsung Laptop,Samsung Laptop
images10.newegg.com/ProductImage/34-131-823-14.jpg,,https://www.newegg.com/Product/Product.aspx?Item=N82E16834131823&cm_re=Samsung_Laptop-_-34-131-823-_-Product,50.0,40,SAMSUNG ATIV Book 9 Lite NP915S3G-K01US 13.3 Touchscreen Notebook with Quad Core AMD A-Series A6-1450 1.00GHz (1.40Ghz Turbo) 4GB RAM 128GB SSD AMD Radeon HD 8250 Windows 8 64-Bit,Samsung Laptop,Samsung Laptop
images10.newegg.com/NeweggImage/ProductImage/34-132-133-V15.jpg,,https://www.newegg.com/Product/Product.aspx?Item=N82E16834132133&cm_re=Samsung_Laptop-_-34-132-133-_-Product,43.75,45,SAMSUNG Laptop NP900X3N-K01US Intel Core i5 7th Gen 7200U (2.50 GHz) 8 GB Memory 256 GB SSD Intel HD Graphics 620 13.3 Windows 10 Home,Samsung Laptop,Samsung Laptop
images10.newegg.com/NeweggImage/ProductImage/A1N8_1_201608121698455312.jpg,,https://www.newegg.com/Product/Product.aspx?Item=9SIA1N84E98137&cm_re=Samsung_Laptop-_-34-132-020-_-Product,,,SAMSUNG Laptop NP900X3L-K03US Intel Core i5 6th Gen 6200U (2.30 GHz) 8 GB LPDDR3 Memory 128 GB SSD Intel HD Graphics 520 13.3 Windows 10 Pro 64-Bit,Samsung Laptop,Samsung Laptop
images10.newegg.com/NeweggImage/ProductImage/A1K6_131276680185023249w1aev8kWzC.jpg,,https://www.newegg.com/Product/Product.aspx?Item=9SIA1K656Y8327&cm_re=Samsung_Laptop-_-9SIA1K656Y8327-_-Product,,,Samsung Notebook 7 15.6 Touchscreen Intel Core i7 6th Gen i7-6500U Dual-core 2.50GHz 8GB DDR4 SDRAM 1TB HDD + 128GB SSD Windows 10 Pro Color Platinum Silver 2 in 1 Notebook Model NP740U5L-Y04US,Samsung Laptop,Samsung Laptop
images10.newegg.com/NeweggImage/ProductImage/AB89_1312909515781337026TDuxzwCA0.jpg,,https://www.newegg.com/Product/Product.aspx?Item=9SIAB8958N9340&cm_re=Samsung_Laptop-_-9SIAB8958N9340-_-Product,New Samsung Notebook 9 Always 33.7cm NT900X3N-K716 Core i7 / 8GB / 256GB SSD / FULL HD 1920x1080 Display / Windows 10,Samsung Laptop,Samsung Laptop
images10.newegg.com/NeweggImage/ProductImage/AB89_131291025741504993YuLfupY8Bv.jpg,,https://www.newegg.com/Product/Product.aspx?Item=9SIAB8958N9655&cm_re=Samsung_Laptop-_-9SIAB8958N9655-_-Product,New Samsung Notebook 9 Always 38.1cm NT900X5N-K716 Core i7 / 16GB / 512GB SSD / FULL HD 1920x1080 Display / Windows 10,Samsung Laptop,Samsung Laptop
images10.newegg.com/ProductImage/A22F_1_20161108102914706.jpg,,https://www.newegg.com/Product/Product.aspx?Item=9SIA22F52C9215&cm_re=Samsung_Laptop-_-9SIA22F52C9215-_-Product,Samsung ATIV Book 9 Lite NP915S3G-K04US 13.3 16:9 Notebook - 1366 x 768 Touchscreen - AMD Quad-core (4 Core) 1.40 GHz - 4 GB DDR3L SDRAM - 128 GB SSD - Windows 8.1 64-bit - Mineral Ash Black - ...,Samsung Laptop,Samsung Laptop
images10.newegg.com/ProductImage/34-132-084-12.jpg,,https://www.newegg.com/Product/Product.aspx?Item=N82E16834132084&cm_re=Samsung_Laptop-_-34-132-084-_-Product,SAMSUNG Laptop NP110S1K-K01US Intel Celeron N3050 (1.60 GHz) 4 GB Memory 128 GB SSD 11.6 Windows 10 Home,Samsung Laptop,Samsung Laptop
images10.newegg.com/ProductImage/34-132-085-14.jpg,,https://www.newegg.com/Product/Product.aspx?Item=9SIA4P056D9400&cm_re=Samsung_Laptop-_-34-132-085-_-Product,SAMSUNG Laptop NP300E5K-L04US Intel Core i5 5th Gen 5200U (2.20 GHz) 4 GB Memory 1 TB HDD Intel HD Graphics 5500 15.6 Windows 10 Home,Samsung Laptop,Samsung Laptop
images10.newegg.com/NeweggImage/ProductImage/A0ZX_1_201608131165710972.jpg,,https://www.newegg.com/Product/Product.aspx?Item=N82E16834132102&cm_re=Samsung_Laptop-_-34-132-102-_-Product,Samsung 7 Spin NP740U3L-L03US Intel Core i5 6th Gen 6200U (2.30 GHz) 8 GB Memory 500 GB HDD 13.3 Touchscreen 1920 x 1080 2-in-1 Laptop Windows 10 Pro,Samsung Laptop,Samsung Laptop
images10.newegg.com/NeweggImage/ProductImage/A0ZX_1_201608131676817119.jpg,,https://www.newegg.com/Product/Product.aspx?Item=N82E16834132103&cm_re=Samsung_Laptop-_-34-132-103-_-Product,Samsung 7 Spin NP740U5L-Y04US Intel Core i7 6th Gen 6500U (2.50 GHz) 8 GB Memory 1 TB HDD 15.6 Touchscreen 1920 x 1080 2-in-1 Laptop Windows 10 Pro,Samsung Laptop,Samsung Laptop
images10.newegg.com/ProductImage/34-131-848-12.jpg,,https://www.newegg.com/Product/Product.aspx?Item=9SIA0AJ55P9772&cm_re=Samsung_Laptop-_-9SIA0AJ55P9772-_-Product,50.0,40,SAMSUNG ATIV Book 9 Plus NP940X3G-K04US Intel Core i7  4500U (1.80 GHz)  8 GB Memory 256 GB SSD 13.3 Touchscreen Ultrabook Windows 8.1 - Factory Refurbished (A Grade Samsung Recertified),Samsung Laptop,Samsung Laptop
images10.newegg.com/ProductImage/34-131-721-01.jpg,,https://www.newegg.com/Product/Product.aspx?Item=9SIA0AJ1C32319&cm_re=Samsung_Laptop-_-9SIA0AJ1C32319-_-Product,,,SAMSUNG ATIV XE700T1C-A03USR Intel Core i5 3rd Gen 3317U (1.70 GHz) 4 GB Memory 128 GB SSD Intel HD Graphics 4000 11.6 Touchscreen 1920 x 1080 Ultrabook Windows 8,Samsung Laptop,Samsung Laptop
images10.newegg.com/ProductImage/AA5P_131068552855944306cX4f136B19.jpg,,https://www.newegg.com/Product/Product.aspx?Item=9SIAA5P4606618&cm_re=Samsung_Laptop-_-9SIAA5P4606618-_-Product,SAMSUNG ATIV Book 5 Intel Core i5 3337U (1.80GHz) 4GB 14'' Touchscreen Ultrabook,Samsung Laptop,Samsung Laptop
images10.newegg.com/ProductImage/A208_130933850488159297HLuWseLjaw.jpg,,https://www.newegg.com/Product/Product.aspx?Item=9SIAA5P4606645&cm_re=Samsung_Laptop-_-9SIAA5P4606645-_-Product,Samsung ATIV Book 5 14-Inch Touchscreen Ultrabook Laptop - 1.8GHz Intel Core i5 4GB DDR3 500GB Hard Drive  Windows 8 (64-Bit),Samsung Laptop,Samsung Laptop
images10.newegg.com/NeweggImage/ProductImage/A389_1_201609011322938073.jpg,,https://www.newegg.com/Product/Product.aspx?Item=N82E16834132021&cm_re=Samsung_Laptop-_-34-132-021-_-Product,,,SAMSUNG Laptop NP900X3L-K04US Intel Core i7 6th Gen 6500U (2.50 GHz) 8 GB LPDDR3 Memory 256 GB SSD Intel HD Graphics 520 13.3 Windows 10 Pro 64-Bit,Samsung Laptop,Samsung Laptop
images10.newegg.com/ProductImage/34-131-727-02.jpg,,https://www.newegg.com/Product/Product.aspx?Item=9SIA0AJ1KW1337&cm_re=Samsung_Laptop-_-9SIA0AJ1KW1337-_-Product,,,SAMSUNG XE303C12-A01US Chromebook Samsung Exynos 2GB Memory 11.6 Google Chrome OS – Scratch and Dent or Minor Blemish,Samsung Laptop,Samsung Laptop
images10.newegg.com/NeweggImage/ProductImage/34-131-885-01.jpg,,https://www.newegg.com/Product/Product.aspx?Item=9SIAAVC49H2061&cm_re=Samsung_Laptop-_-9SIAAVC49H2061-_-Product,,,SAMSUNG ATIV Book 9 Blade NP930X2K-K02US Intel Core M 5Y10c 4GB Memory 128GB SSD 12.2 Laptop Windows 8.1 64-Bit,Samsung Laptop,Samsung Laptop
,,https://www.newegg.com/Product/Product.aspx?Item=9SIA90V5525286&cm_re=Samsung_Laptop-_-9SIA90V5525286-_-Product,,Samsung Laptop,Samsung Laptop
,,https://www.newegg.com/Product/Product.aspx?Item=9SIA6R45900190&cm_re=Samsung_Laptop-_-1TS-0002-000N4-_-Product,,Samsung Laptop,Samsung Laptop
,,https://www.newegg.com/Product/Product.aspx?Item=9SIA1CZ4638892&cm_re=Samsung_Laptop-_-1TS-0002-000J1-_-Product,,Samsung Laptop,Samsung Laptop
,,https://www.newegg.com/Product/Product.aspx?Item=9SIA6R45912300&cm_re=Samsung_Laptop-_-9SIA6R45912300-_-Product,,Samsung Laptop,Samsung Laptop
,,https://www.newegg.com/Product/Product.aspx?Item=9SIA3AR4VS9400&cm_re=Samsung_Laptop-_-9SIA3AR4VS9400-_-Product,,Samsung Laptop,Samsung Laptop
,,https://www.newegg.com/Product/Product.aspx?Item=9SIAB8958N9458&cm_re=Samsung_Laptop-_-9SIAB8958N9458-_-Product,,Samsung Laptop,Samsung Laptop
,,https://www.newegg.com/Product/Product.aspx?Item=9SIAB8958N9483&cm_re=Samsung_Laptop-_-9SIAB8958N9483-_-Product,,Samsung Laptop,Samsung Laptop
,,https://www.newegg.com/Product/Product.aspx?Item=9SIAB8956M6158&cm_re=Samsung_Laptop-_-9SIAB8956M6158-_-Product,,Samsung Laptop,Samsung Laptop
,,https://www.newegg.com/Product/Product.aspx?Item=9SIAB8958N8983&cm_re=Samsung_Laptop-_-9SIAB8958N8983-_-Product,,Samsung Laptop,Samsung Laptop
,,https://www.newegg.com/Product/Product.aspx?Item=9SIA0AJ13U7841&cm_re=Samsung_Laptop-_-9SIA0AJ13U7841-_-Product,,Samsung Laptop,Samsung Laptop
,,https://www.newegg.com/Product/Product.aspx?Item=9SIABHJ4YS7384&cm_re=Samsung_Laptop-_-1TS-0002-000M5-_-Product,,Samsung Laptop,Samsung Laptop
,,https://www.newegg.com/Product/Product.aspx?Item=9SIA3AR4X28356&cm_re=Samsung_Laptop-_-9SIA3AR4X28356-_-Product,,Samsung Laptop,Samsung Laptop
,,https://www.newegg.com/Product/Product.aspx?Item=9SIAB8958N8858&cm_re=Samsung_Laptop-_-9SIAB8958N8858-_-Product,,Samsung Laptop,Samsung Laptop
,,https://www.newegg.com/Product/Product.aspx?Item=9SIA0AJ1J58899&cm_re=Samsung_Laptop-_-9SIA0AJ1J58899-_-Product,,Samsung Laptop,Samsung Laptop
,,https://www.newegg.com/Product/Product.aspx?Item=9SIA3AR4X28311&cm_re=Samsung_Laptop-_-9SIA3AR4X28311-_-Product,,Samsung Laptop,Samsung Laptop
,,https://www.newegg.com/Product/Product.aspx?Item=1TS-000D-01CN9&cm_re=HP_Laptop-_-1TS-000D-01CN9-_-Product,,HP Laptop,HP Laptop
,,https://www.newegg.com/Product/Product.aspx?Item=9SIA6R454D0649&cm_re=HP_Laptop-_-9SIA6R454D0649-_-Product,,HP Laptop,HP Laptop
,,https://www.newegg.com/Product/Product.aspx?Item=9SIA6R457B5009&cm_re=HP_Laptop-_-9SIA6R457B5009-_-Product,,HP Laptop,HP Laptop
,,https://www.newegg.com/Product/Product.aspx?Item=9SIA6R44TJ2041&cm_re=HP_Laptop-_-9SIA6R44TJ2041-_-Product,,HP Laptop,HP Laptop
,,https://www.newegg.com/Product/Product.aspx?Item=9SIA6V65598669&cm_re=HP_Laptop-_-1TS-000D-01HH0-_-Product,,HP Laptop,HP Laptop
,,https://www.newegg.com/Product/Product.aspx?Item=N82E16834266394&cm_re=HP_Laptop-_-34-266-394-_-Product,,HP Laptop,HP Laptop
,,https://www.newegg.com/Product/Product.aspx?Item=N82E16834261135&cm_re=HP_Laptop-_-34-261-135-_-Product,,HP Laptop,HP Laptop
,,https://www.newegg.com/Product/Product.aspx?Item=9SIA7AB4RK2706&cm_re=HP_Laptop-_-9SIA7AB4RK2706-_-Product,,HP Laptop,HP Laptop
,,https://www.newegg.com/Product/Product.aspx?Item=1TS-000D-01GT1&cm_re=HP_Laptop-_-1TS-000D-01GT1-_-Product,,HP Laptop,HP Laptop
,,https://www.newegg.com/Product/Product.aspx?Item=9SIA2G85AS0153&cm_re=HP_Laptop-_-1TS-000D-01HW1-_-Product,,HP Laptop,HP Laptop
,,https://www.newegg.com/Product/Product.aspx?Item=N82E16834265794&cm_re=HP_Laptop-_-34-265-794-_-Product,,HP Laptop,HP Laptop
,,https://www.newegg.com/Product/Product.aspx?Item=9SIA6R43VV9519&cm_re=HP_Laptop-_-9SIA6R43VV9519-_-Product,,HP Laptop,HP Laptop
,,https://www.newegg.com/Product/Product.aspx?Item=N82E16834266523&cm_re=HP_Laptop-_-34-266-523-_-Product,,HP Laptop,HP Laptop
,,https://www.newegg.com/Product/Product.aspx?Item=N82E16834332304&cm_re=HP_Laptop-_-34-332-304-_-Product,,HP Laptop,HP Laptop
,,https://www.newegg.com/Product/Product.aspx?Item=N82E16834265955&cm_re=HP_Laptop-_-34-265-955-_-Product,,HP Laptop,HP Laptop
,,https://www.newegg.com/Product/Product.aspx?Item=N82E16834265072&cm_re=HP_Laptop-_-34-265-072-_-Product,,HP Laptop,HP Laptop
,,https://www.newegg.com/Product/Product.aspx?Item=9SIA65C50T1413&cm_re=HP_Laptop-_-9SIA65C50T1413-_-Product,,HP Laptop,HP Laptop
,,https://www.newegg.com/Product/Product.aspx?Item=9SIA6R44MZ8123&cm_re=HP_Laptop-_-9SIA6R44MZ8123-_-Product,,HP Laptop,HP Laptop
,,https://www.newegg.com/Product/Product.aspx?Item=9SIA6R45A84038&cm_re=HP_Laptop-_-0VG-005K-00035-_-Product,,HP Laptop,HP Laptop
,,https://www.newegg.com/Product/Product.aspx?Item=N82E16834266023&cm_re=HP_Laptop-_-34-266-023-_-Product,,HP Laptop,HP Laptop
,,https://www.newegg.com/Product/Product.aspx?Item=1TS-000D-01GH8&cm_re=HP_Laptop-_-1TS-000D-01GH8-_-Product,,HP Laptop,HP Laptop
,,https://www.newegg.com/Product/Product.aspx?Item=9SIA6R45852493&cm_re=HP_Laptop-_-9SIA6R45852493-_-Product,,HP Laptop,HP Laptop
,,https://www.newegg.com/Product/Product.aspx?Item=1TS-000D-01ES9&cm_re=HP_Laptop-_-1TS-000D-01ES9-_-Product,,HP Laptop,HP Laptop
,,https://www.newegg.com/Product/Product.aspx?Item=9SIA9JJ54D2608&cm_re=HP_Laptop-_-9SIA9JJ54D2608-_-Product,,HP Laptop,HP Laptop
,,https://www.newegg.com/Product/Product.aspx?Item=N82E16834266522&cm_re=HP_Laptop-_-34-266-522-_-Product,,HP Laptop,HP Laptop
,,https://www.newegg.com/Product/Product.aspx?Item=N82E16834266959&cm_re=HP_Laptop-_-34-266-959-_-Product,,HP Laptop,HP Laptop
,,https://www.newegg.com/Product/Product.aspx?Item=N82E16834261004&cm_re=HP_Laptop-_-34-261-004-_-Product,,HP Laptop,HP Laptop
,,https://www.newegg.com/Product/Product.aspx?Item=1TS-000D-00YY9&cm_re=HP_Laptop-_-1TS-000D-00YY9-_-Product,,HP Laptop,HP Laptop
,,https://www.newegg.com/Product/Product.aspx?Item=N82E16834267071&cm_re=HP_Laptop-_-34-267-071-_-Product,,HP Laptop,HP Laptop
,,https://www.newegg.com/Product/Product.aspx?Item=N82E16834266841&cm_re=HP_Laptop-_-34-266-841-_-Product,,HP Laptop,HP Laptop
,,https://www.newegg.com/Product/Product.aspx?Item=9SIA24G3UK2496&cm_re=HP_Laptop-_-34-264-462-_-Product,,HP Laptop,HP Laptop
,,https://www.newegg.com/Product/Product.aspx?Item=9SIA1N84E97655&cm_re=HP_Laptop-_-34-264-465-_-Product,,HP Laptop,HP Laptop
,,https://www.newegg.com/Product/Product.aspx?Item=N82E16834266509&cm_re=HP_Laptop-_-34-266-509-_-Product,,HP Laptop,HP Laptop
,,https://www.newegg.com/Product/Product.aspx?Item=N82E16834265899&cm_re=HP_Laptop-_-34-265-899-_-Product,,HP Laptop,HP Laptop
,,https://www.newegg.com/Product/Product.aspx?Item=9SIA9UW43V3173&cm_re=HP_Laptop-_-1TS-000D-000D8-_-Product,,HP Laptop,HP Laptop
,,https://www.newegg.com/Product/Product.aspx?Item=N82E16834265453&cm_re=HP_Laptop-_-34-265-453-_-Product,,HP Laptop,HP Laptop